V1,V2
ENSMUSG00000000001,2773
ENSMUSG00000000049,350
ENSMUSG00000000088,9377
ENSMUSG00000000149,2768
ENSMUSG00000000168,1737
ENSMUSG00000000214,7054
ENSMUSG00000000253,2766
ENSMUSG00000000290,3689
ENSMUSG00000000295,51020
ENSMUSG00000000301,10400
ENSMUSG00000000308,1159
ENSMUSG00000000308,1159
ENSMUSG00000000326,1312
ENSMUSG00000000340,1629
ENSMUSG00000000359,28954
ENSMUSG00000000384,9238
ENSMUSG00000000386,4599
ENSMUSG00000000399,4704
ENSMUSG00000000420,2589
ENSMUSG00000000441,5894
ENSMUSG00000000538,146691
ENSMUSG00000000555,3678
ENSMUSG00000000563,515
ENSMUSG00000000568,3184
ENSMUSG00000000594,2760
ENSMUSG00000000628,3099
ENSMUSG00000000631,399687
ENSMUSG00000000673,23498
ENSMUSG00000000711,5869
ENSMUSG00000000732,23308
ENSMUSG00000000732,23308
ENSMUSG00000000738,6687
ENSMUSG00000000740,6137
ENSMUSG00000000787,1654
ENSMUSG00000000794,3782
ENSMUSG00000000805,762
ENSMUSG00000000826,80331
ENSMUSG00000000827,7165
ENSMUSG00000000876,11264
ENSMUSG00000000934,116447
ENSMUSG00000000948,8926
ENSMUSG00000000959,5018
ENSMUSG00000001016,3608
ENSMUSG00000001025,6277
ENSMUSG00000001052,10427
ENSMUSG00000001062,9605
ENSMUSG00000001065,92822
ENSMUSG00000001100,26073
ENSMUSG00000001120,54039
ENSMUSG00000001123,284194
ENSMUSG00000001123,284194
ENSMUSG00000001123,3965
ENSMUSG00000001143,81562
ENSMUSG00000001270,1152
ENSMUSG00000001289,5204
ENSMUSG00000001323,63826
ENSMUSG00000001348,54
ENSMUSG00000001349,1264
ENSMUSG00000001383,153527
ENSMUSG00000001416,7203
ENSMUSG00000001424,27044
ENSMUSG00000001440,3837
ENSMUSG00000001441,9520
ENSMUSG00000001445,124995
ENSMUSG00000001467,1595
ENSMUSG00000001473,84617
ENSMUSG00000001507,3675
ENSMUSG00000001510,1747
ENSMUSG00000001525,203068
ENSMUSG00000001552,3728
ENSMUSG00000001555,60681
ENSMUSG00000001576,57222
ENSMUSG00000001642,231
ENSMUSG00000001670,6898
ENSMUSG00000001707,9521
ENSMUSG00000001729,207
ENSMUSG00000001741,3603
ENSMUSG00000001750,10312
ENSMUSG00000001751,4669
ENSMUSG00000001755,80347
ENSMUSG00000001773,2346
ENSMUSG00000001774,26973
ENSMUSG00000001783,51493
ENSMUSG00000001785,11137
ENSMUSG00000001794,826
ENSMUSG00000001829,81570
ENSMUSG00000001833,989
ENSMUSG00000001844,55146
ENSMUSG00000001847,5879
ENSMUSG00000001855,8021
ENSMUSG00000001865,1359
ENSMUSG00000001909,55621
ENSMUSG00000001918,6510
ENSMUSG00000001924,7317
ENSMUSG00000001930,7450
ENSMUSG00000001942,54414
ENSMUSG00000001964,2010
ENSMUSG00000001983,51204
ENSMUSG00000002010,3421
ENSMUSG00000002014,6748
ENSMUSG00000002015,10134
ENSMUSG00000002017,25940
ENSMUSG00000002059,83871
ENSMUSG00000002100,4607
ENSMUSG00000002103,53
ENSMUSG00000002129,10291
ENSMUSG00000002204,9476
ENSMUSG00000002265,5178
ENSMUSG00000002308,51293
ENSMUSG00000002320,10548
ENSMUSG00000002329,145553
ENSMUSG00000002332,115817
ENSMUSG00000002341,1463
ENSMUSG00000002345,100271849
ENSMUSG00000002345,4207
ENSMUSG00000002346,284439
ENSMUSG00000002379,126328
ENSMUSG00000002395,55850
ENSMUSG00000002416,4708
ENSMUSG00000002500,6123
ENSMUSG00000002504,9351
ENSMUSG00000002588,5444
ENSMUSG00000002633,6469
ENSMUSG00000002660,8192
ENSMUSG00000002661,84266
ENSMUSG00000002718,1434
ENSMUSG00000002741,10652
ENSMUSG00000002763,5190
ENSMUSG00000002767,51069
ENSMUSG00000002769,27232
ENSMUSG00000002771,2906
ENSMUSG00000002781,55260
ENSMUSG00000002799,3714
ENSMUSG00000002814,7156
ENSMUSG00000002820,84971
ENSMUSG00000002825,81890
ENSMUSG00000002831,729359
ENSMUSG00000002846,51300
ENSMUSG00000002900,3912
ENSMUSG00000002944,948
ENSMUSG00000002949,10469
ENSMUSG00000002957,161
ENSMUSG00000002980,4059
ENSMUSG00000002981,1209
ENSMUSG00000002984,10452
ENSMUSG00000002985,348
ENSMUSG00000002997,5577
ENSMUSG00000003037,4218
ENSMUSG00000003038,10473
ENSMUSG00000003038,3151
ENSMUSG00000003039,26017
ENSMUSG00000003053,1558
ENSMUSG00000003053,1557
ENSMUSG00000003053,1559
ENSMUSG00000003072,513
ENSMUSG00000003135,55571
ENSMUSG00000003226,5903
ENSMUSG00000003299,51073
ENSMUSG00000003316,2734
ENSMUSG00000003355,51303
ENSMUSG00000003363,23646
ENSMUSG00000003402,5589
ENSMUSG00000003429,6205
ENSMUSG00000003435,6829
ENSMUSG00000003438,92609
ENSMUSG00000003458,23385
ENSMUSG00000003464,5824
ENSMUSG00000003477,11185
ENSMUSG00000003505,1089
ENSMUSG00000003505,1084
ENSMUSG00000003505,90273
ENSMUSG00000003526,102724788
ENSMUSG00000003526,5625
ENSMUSG00000003528,6576
ENSMUSG00000003555,1586
ENSMUSG00000003559,57412
ENSMUSG00000003585,23541
ENSMUSG00000003617,1356
ENSMUSG00000003623,54677
ENSMUSG00000003746,4121
ENSMUSG00000003762,79934
ENSMUSG00000003808,2193
ENSMUSG00000003809,2639
ENSMUSG00000003814,811
ENSMUSG00000003849,1728
ENSMUSG00000003868,10856
ENSMUSG00000003872,64130
ENSMUSG00000003873,581
ENSMUSG00000003923,7019
ENSMUSG00000003948,23531
ENSMUSG00000003955,26355
ENSMUSG00000003970,6132
ENSMUSG00000003974,2913
ENSMUSG00000004035,2946
ENSMUSG00000004040,6774
ENSMUSG00000004044,284119
ENSMUSG00000004069,9093
ENSMUSG00000004070,3163
ENSMUSG00000004100,692312
ENSMUSG00000004100,56342
ENSMUSG00000004105,23452
ENSMUSG00000004207,5660
ENSMUSG00000004233,10352
ENSMUSG00000004264,11331
ENSMUSG00000004267,2026
ENSMUSG00000004285,9296
ENSMUSG00000004328,64344
ENSMUSG00000004356,27340
ENSMUSG00000004394,222068
ENSMUSG00000004446,637
ENSMUSG00000004451,5899
ENSMUSG00000004460,51726
ENSMUSG00000004530,23603
ENSMUSG00000004561,64745
ENSMUSG00000004610,2109
ENSMUSG00000004626,6813
ENSMUSG00000004655,358
ENSMUSG00000004665,1265
ENSMUSG00000004668,154664
ENSMUSG00000004748,51537
ENSMUSG00000004771,8766
ENSMUSG00000004789,1743
ENSMUSG00000004846,8985
ENSMUSG00000004849,1174
ENSMUSG00000004880,3930
ENSMUSG00000004892,63827
ENSMUSG00000004902,83733
ENSMUSG00000004936,5604
ENSMUSG00000004939,27231
ENSMUSG00000004951,3315
ENSMUSG00000004980,3181
ENSMUSG00000005054,1476
ENSMUSG00000005089,6506
ENSMUSG00000005103,9948
ENSMUSG00000005125,10397
ENSMUSG00000005142,4125
ENSMUSG00000005161,7001
ENSMUSG00000005299,3954
ENSMUSG00000005312,29979
ENSMUSG00000005338,57863
ENSMUSG00000005354,25828
ENSMUSG00000005360,6507
ENSMUSG00000005374,26608
ENSMUSG00000005397,4811
ENSMUSG00000005413,3162
ENSMUSG00000005469,5566
ENSMUSG00000005474,93408
ENSMUSG00000005493,4438
ENSMUSG00000005501,55230
ENSMUSG00000005506,10658
ENSMUSG00000005510,4722
ENSMUSG00000005514,5447
ENSMUSG00000005553,495
ENSMUSG00000005566,10155
ENSMUSG00000005610,1982
ENSMUSG00000005667,10797
ENSMUSG00000005674,84134
ENSMUSG00000005677,9970
ENSMUSG00000005681,336
ENSMUSG00000005683,1431
ENSMUSG00000005716,5816
ENSMUSG00000005803,58472
ENSMUSG00000005804,26258
ENSMUSG00000005813,23173
ENSMUSG00000005871,324
ENSMUSG00000005873,7905
ENSMUSG00000005882,55245
ENSMUSG00000005899,55627
ENSMUSG00000005973,5954
ENSMUSG00000005981,10131
ENSMUSG00000006024,8775
ENSMUSG00000006057,516
ENSMUSG00000006058,11267
ENSMUSG00000006095,1155
ENSMUSG00000006127,51763
ENSMUSG00000006169,9685
ENSMUSG00000006221,27129
ENSMUSG00000006273,526
ENSMUSG00000006276,58513
ENSMUSG00000006281,7011
ENSMUSG00000006304,10109
ENSMUSG00000006333,6203
ENSMUSG00000006342,56241
ENSMUSG00000006345,91227
ENSMUSG00000006345,728441
ENSMUSG00000006345,2678
ENSMUSG00000006345,92086
ENSMUSG00000006345,728441
ENSMUSG00000006356,1397
ENSMUSG00000006360,1396
ENSMUSG00000006373,10857
ENSMUSG00000006378,23464
ENSMUSG00000006392,112950
ENSMUSG00000006412,5202
ENSMUSG00000006435,9148
ENSMUSG00000006442,6723
ENSMUSG00000006457,89
ENSMUSG00000006494,5163
ENSMUSG00000006498,5725
ENSMUSG00000006538,3549
ENSMUSG00000006574,6521
ENSMUSG00000006587,333929
ENSMUSG00000006589,353
ENSMUSG00000006651,333
ENSMUSG00000006699,998
ENSMUSG00000006717,55856
ENSMUSG00000006724,1594
ENSMUSG00000006740,3799
ENSMUSG00000006782,1267
ENSMUSG00000006818,6648
ENSMUSG00000006932,1499
ENSMUSG00000006998,5708
ENSMUSG00000007021,9143
ENSMUSG00000007029,7407
ENSMUSG00000007033,3305
ENSMUSG00000007036,7920
ENSMUSG00000007041,1192
ENSMUSG00000007080,5426
ENSMUSG00000007097,477
ENSMUSG00000007122,844
ENSMUSG00000007207,6804
ENSMUSG00000007338,740
ENSMUSG00000007458,4074
ENSMUSG00000007564,5518
ENSMUSG00000007610,84705
ENSMUSG00000007617,9456
ENSMUSG00000007659,598
ENSMUSG00000007739,10575
ENSMUSG00000007783,126129
ENSMUSG00000007827,102723502
ENSMUSG00000007827,100288966
ENSMUSG00000007827,100996331
ENSMUSG00000007827,22852
ENSMUSG00000007827,57730
ENSMUSG00000007827,728378
ENSMUSG00000007827,317754
ENSMUSG00000007827,375248
ENSMUSG00000007827,342850
ENSMUSG00000007827,441459
ENSMUSG00000007827,374860
ENSMUSG00000007827,441430
ENSMUSG00000007827,100287399
ENSMUSG00000007827,388468
ENSMUSG00000007827,728747
ENSMUSG00000007827,404785
ENSMUSG00000007827,253650
ENSMUSG00000007827,91074
ENSMUSG00000007827,554226
ENSMUSG00000007827,102723502
ENSMUSG00000007827,445582
ENSMUSG00000007827,641455
ENSMUSG00000007827,84210
ENSMUSG00000007827,653269
ENSMUSG00000007827,441425
ENSMUSG00000007827,23784
ENSMUSG00000007833,126133
ENSMUSG00000007872,3399
ENSMUSG00000007880,8289
ENSMUSG00000007891,1509
ENSMUSG00000007892,6176
ENSMUSG00000007907,85438
ENSMUSG00000008136,2274
ENSMUSG00000008140,284361
ENSMUSG00000008348,7316
ENSMUSG00000008373,26121
ENSMUSG00000008393,23589
ENSMUSG00000008398,2004
ENSMUSG00000008435,112724
ENSMUSG00000008540,4257
ENSMUSG00000008601,57111
ENSMUSG00000008668,6222
ENSMUSG00000008683,6210
ENSMUSG00000008855,10014
ENSMUSG00000008859,5898
ENSMUSG00000008892,7419
ENSMUSG00000009013,8655
ENSMUSG00000009047,337960
ENSMUSG00000009070,27156
ENSMUSG00000009079,2130
ENSMUSG00000009090,162
ENSMUSG00000009112,23786
ENSMUSG00000009394,6854
ENSMUSG00000009418,89796
ENSMUSG00000009470,3842
ENSMUSG00000009566,2356
ENSMUSG00000009585,164668
ENSMUSG00000009614,1757
ENSMUSG00000009647,90550
ENSMUSG00000009863,6390
ENSMUSG00000009876,84701
ENSMUSG00000009894,116841
ENSMUSG00000009927,6230
ENSMUSG00000009995,6901
ENSMUSG00000010025,224
ENSMUSG00000010045,11070
ENSMUSG00000010064,10991
ENSMUSG00000010095,6520
ENSMUSG00000010097,10482
ENSMUSG00000010110,6811
ENSMUSG00000010290,79074
ENSMUSG00000010392,9527
ENSMUSG00000010406,122704
ENSMUSG00000010609,5664
ENSMUSG00000010651,30
ENSMUSG00000010663,3992
ENSMUSG00000010796,136991
ENSMUSG00000010803,2554
ENSMUSG00000010914,8050
ENSMUSG00000011254,54974
ENSMUSG00000011257,8761
ENSMUSG00000011486,284427
ENSMUSG00000011751,57731
ENSMUSG00000011752,441531
ENSMUSG00000011752,5223
ENSMUSG00000011832,115704
ENSMUSG00000012042,84103
ENSMUSG00000012126,91544
ENSMUSG00000012405,6138
ENSMUSG00000012848,6193
ENSMUSG00000013160,9114
ENSMUSG00000013415,10642
ENSMUSG00000013539,128989
ENSMUSG00000013584,8854
ENSMUSG00000013593,4720
ENSMUSG00000013629,790
ENSMUSG00000013662,84896
ENSMUSG00000013698,8682
ENSMUSG00000013701,100652748
ENSMUSG00000013701,100287932
ENSMUSG00000013736,51095
ENSMUSG00000013846,6482
ENSMUSG00000013936,4633
ENSMUSG00000013997,4817
ENSMUSG00000014077,11261
ENSMUSG00000014195,7266
ENSMUSG00000014226,27101
ENSMUSG00000014294,4695
ENSMUSG00000014301,51025
ENSMUSG00000014313,1345
ENSMUSG00000014551,64432
ENSMUSG00000014554,1716
ENSMUSG00000014606,8402
ENSMUSG00000014747,79998
ENSMUSG00000014769,5689
ENSMUSG00000014867,6836
ENSMUSG00000014932,7525
ENSMUSG00000014956,5500
ENSMUSG00000014959,26003
ENSMUSG00000015016,197322
ENSMUSG00000015093,9022
ENSMUSG00000015112,10165
ENSMUSG00000015120,7329
ENSMUSG00000015133,79705
ENSMUSG00000015134,220
ENSMUSG00000015143,87
ENSMUSG00000015149,22933
ENSMUSG00000015165,3191
ENSMUSG00000015222,4133
ENSMUSG00000015242,25934
ENSMUSG00000015242,55335
ENSMUSG00000015291,2664
ENSMUSG00000015305,23328
ENSMUSG00000015337,2021
ENSMUSG00000015357,10845
ENSMUSG00000015363,80305
ENSMUSG00000015377,414918
ENSMUSG00000015401,57393
ENSMUSG00000015452,177
ENSMUSG00000015467,80864
ENSMUSG00000015478,6048
ENSMUSG00000015647,3911
ENSMUSG00000015656,3312
ENSMUSG00000015659,84947
ENSMUSG00000015671,5683
ENSMUSG00000015672,64983
ENSMUSG00000015711,58497
ENSMUSG00000015714,29956
ENSMUSG00000015733,830
ENSMUSG00000015790,6834
ENSMUSG00000015806,5860
ENSMUSG00000015829,7143
ENSMUSG00000015837,8878
ENSMUSG00000015869,5635
ENSMUSG00000015889,4048
ENSMUSG00000015932,11034
ENSMUSG00000015937,9555
ENSMUSG00000015943,51027
ENSMUSG00000015970,55349
ENSMUSG00000015981,282974
ENSMUSG00000016128,90627
ENSMUSG00000016194,3290
ENSMUSG00000016252,514
ENSMUSG00000016255,81027
ENSMUSG00000016256,1522
ENSMUSG00000016257,51012
ENSMUSG00000016319,292
ENSMUSG00000016327,23439
ENSMUSG00000016349,1917
ENSMUSG00000016382,5358
ENSMUSG00000016427,4694
ENSMUSG00000016481,1379
ENSMUSG00000016481,1378
ENSMUSG00000016495,55848
ENSMUSG00000016510,219402
ENSMUSG00000016541,25814
ENSMUSG00000016554,8664
ENSMUSG00000016664,11252
ENSMUSG00000016758,638
ENSMUSG00000016833,51023
ENSMUSG00000017049,83446
ENSMUSG00000017188,28958
ENSMUSG00000017264,5394
ENSMUSG00000017286,51031
ENSMUSG00000017288,55275
ENSMUSG00000017300,7125
ENSMUSG00000017307,10005
ENSMUSG00000017314,4355
ENSMUSG00000017344,7448
ENSMUSG00000017390,230
ENSMUSG00000017404,6143
ENSMUSG00000017453,51268
ENSMUSG00000017677,26118
ENSMUSG00000017686,55288
ENSMUSG00000017697,100
ENSMUSG00000017715,9489
ENSMUSG00000017721,51604
ENSMUSG00000017740,57468
ENSMUSG00000017756,10723
ENSMUSG00000017760,5476
ENSMUSG00000017774,4641
ENSMUSG00000017778,1350
ENSMUSG00000017781,5306
ENSMUSG00000017817,57158
ENSMUSG00000017831,5868
ENSMUSG00000017943,78997
ENSMUSG00000017969,5740
ENSMUSG00000018042,1727
ENSMUSG00000018171,81671
ENSMUSG00000018196,51022
ENSMUSG00000018293,5216
ENSMUSG00000018322,10953
ENSMUSG00000018326,7529
ENSMUSG00000018339,2878
ENSMUSG00000018340,309
ENSMUSG00000018398,23176
ENSMUSG00000018405,79922
ENSMUSG00000018411,4137
ENSMUSG00000018417,4430
ENSMUSG00000018428,8165
ENSMUSG00000018446,708
ENSMUSG00000018559,23399
ENSMUSG00000018574,37
ENSMUSG00000018583,10146
ENSMUSG00000018585,475
ENSMUSG00000018593,6678
ENSMUSG00000018599,125170
ENSMUSG00000018659,55163
ENSMUSG00000018669,80279
ENSMUSG00000018672,51226
ENSMUSG00000018677,51629
ENSMUSG00000018707,1778
ENSMUSG00000018740,399512
ENSMUSG00000018770,518
ENSMUSG00000018774,968
ENSMUSG00000018796,2180
ENSMUSG00000018830,4629
ENSMUSG00000018848,5917
ENSMUSG00000018858,3396
ENSMUSG00000018861,2232
ENSMUSG00000018882,84311
ENSMUSG00000018893,4151
ENSMUSG00000018906,8974
ENSMUSG00000018965,7533
ENSMUSG00000018983,1870
ENSMUSG00000018995,79731
ENSMUSG00000019054,51024
ENSMUSG00000019055,5351
ENSMUSG00000019066,9545
ENSMUSG00000019082,79751
ENSMUSG00000019102,218
ENSMUSG00000019124,9805
ENSMUSG00000019143,23438
ENSMUSG00000019158,54958
ENSMUSG00000019173,5878
ENSMUSG00000019179,4191
ENSMUSG00000019210,529
ENSMUSG00000019278,1800
ENSMUSG00000019302,535
ENSMUSG00000019326,8639
ENSMUSG00000019373,8533
ENSMUSG00000019428,23770
ENSMUSG00000019432,7919
ENSMUSG00000019461,57048
ENSMUSG00000019539,57333
ENSMUSG00000019577,5166
ENSMUSG00000019579,56005
ENSMUSG00000019689,154791
ENSMUSG00000019710,79590
ENSMUSG00000019761,3858
ENSMUSG00000019762,389434
ENSMUSG00000019763,55005
ENSMUSG00000019774,54516
ENSMUSG00000019790,134957
ENSMUSG00000019791,135114
ENSMUSG00000019792,60487
ENSMUSG00000019795,5110
ENSMUSG00000019797,51250
ENSMUSG00000019802,11231
ENSMUSG00000019804,8724
ENSMUSG00000019808,134637
ENSMUSG00000019809,8504
ENSMUSG00000019820,7402
ENSMUSG00000019822,6610
ENSMUSG00000019831,8936
ENSMUSG00000019832,10981
ENSMUSG00000019841,5980
ENSMUSG00000019863,55278
ENSMUSG00000019864,84816
ENSMUSG00000019872,10924
ENSMUSG00000019883,55862
ENSMUSG00000019899,3908
ENSMUSG00000019906,8825
ENSMUSG00000019916,5033
ENSMUSG00000019920,3987
ENSMUSG00000019920,3987
ENSMUSG00000019920,3987
ENSMUSG00000019929,1634
ENSMUSG00000019942,983
ENSMUSG00000019943,490
ENSMUSG00000019944,9886
ENSMUSG00000019952,282809
ENSMUSG00000019969,5663
ENSMUSG00000019987,383
ENSMUSG00000019989,5169
ENSMUSG00000020019,59277
ENSMUSG00000020022,55967
ENSMUSG00000020038,1407
ENSMUSG00000020048,7184
ENSMUSG00000020053,3479
ENSMUSG00000020061,4604
ENSMUSG00000020063,23411
ENSMUSG00000020075,9188
ENSMUSG00000020078,9559
ENSMUSG00000020079,6832
ENSMUSG00000020085,84883
ENSMUSG00000020087,219743
ENSMUSG00000020089,5464
ENSMUSG00000020097,8879
ENSMUSG00000020109,54788
ENSMUSG00000020111,10367
ENSMUSG00000020114,55832
ENSMUSG00000020130,64786
ENSMUSG00000020132,23011
ENSMUSG00000020133,148223
ENSMUSG00000020142,6509
ENSMUSG00000020149,5861
ENSMUSG00000020150,2593
ENSMUSG00000020152,10097
ENSMUSG00000020153,374291
ENSMUSG00000020163,10975
ENSMUSG00000020169,144453
ENSMUSG00000020176,2887
ENSMUSG00000020182,1644
ENSMUSG00000020186,1466
ENSMUSG00000020198,8943
ENSMUSG00000020219,26517
ENSMUSG00000020220,55187
ENSMUSG00000020238,56926
ENSMUSG00000020241,1292
ENSMUSG00000020250,7296
ENSMUSG00000020253,132160
ENSMUSG00000020256,160428
ENSMUSG00000020258,132158
ENSMUSG00000020267,3094
ENSMUSG00000020268,90624
ENSMUSG00000020277,5211
ENSMUSG00000020287,4350
ENSMUSG00000020290,7514
ENSMUSG00000020297,51617
ENSMUSG00000020299,133491
ENSMUSG00000020308,91978
ENSMUSG00000020311,27248
ENSMUSG00000020315,6711
ENSMUSG00000020321,4190
ENSMUSG00000020323,400668
ENSMUSG00000020329,5442
ENSMUSG00000020331,610
ENSMUSG00000020333,23305
ENSMUSG00000020334,6583
ENSMUSG00000020349,5515
ENSMUSG00000020358,3182
ENSMUSG00000020359,85007
ENSMUSG00000020361,3308
ENSMUSG00000020368,821
ENSMUSG00000020372,10399
ENSMUSG00000020380,10111
ENSMUSG00000020386,51128
ENSMUSG00000020396,4744
ENSMUSG00000020402,7416
ENSMUSG00000020427,3486
ENSMUSG00000020432,6948
ENSMUSG00000020444,2987
ENSMUSG00000020448,91445
ENSMUSG00000020456,4967
ENSMUSG00000020457,4733
ENSMUSG00000020458,57142
ENSMUSG00000020459,4528
ENSMUSG00000020464,87178
ENSMUSG00000020469,58498
ENSMUSG00000020475,5224
ENSMUSG00000020476,28988
ENSMUSG00000020477,64951
ENSMUSG00000020484,7494
ENSMUSG00000020486,5414
ENSMUSG00000020493,55771
ENSMUSG00000020514,29093
ENSMUSG00000020516,6198
ENSMUSG00000020527,80179
ENSMUSG00000020532,31
ENSMUSG00000020534,6470
ENSMUSG00000020537,1819
ENSMUSG00000020542,93649
ENSMUSG00000020544,1353
ENSMUSG00000020549,60528
ENSMUSG00000020571,10130
ENSMUSG00000020576,51594
ENSMUSG00000020581,10551
ENSMUSG00000020593,23175
ENSMUSG00000020608,79677
ENSMUSG00000020609,338
ENSMUSG00000020611,10672
ENSMUSG00000020612,5573
ENSMUSG00000020620,10351
ENSMUSG00000020621,57665
ENSMUSG00000020630,246243
ENSMUSG00000020636,55821
ENSMUSG00000020638,129607
ENSMUSG00000020640,50618
ENSMUSG00000020641,91543
ENSMUSG00000020657,51277
ENSMUSG00000020664,1738
ENSMUSG00000020671,10890
ENSMUSG00000020681,1636
ENSMUSG00000020684,91608
ENSMUSG00000020708,5705
ENSMUSG00000020709,55803
ENSMUSG00000020717,5175
ENSMUSG00000020718,11232
ENSMUSG00000020719,1655
ENSMUSG00000020733,9368
ENSMUSG00000020736,30833
ENSMUSG00000020737,51155
ENSMUSG00000020741,23277
ENSMUSG00000020744,60386
ENSMUSG00000020745,5048
ENSMUSG00000020775,64978
ENSMUSG00000020777,51
ENSMUSG00000020788,489
ENSMUSG00000020827,50488
ENSMUSG00000020832,26284
ENSMUSG00000020834,147015
ENSMUSG00000020840,642
ENSMUSG00000020841,1362
ENSMUSG00000020843,29928
ENSMUSG00000020849,7531
ENSMUSG00000020857,4831
ENSMUSG00000020867,64847
ENSMUSG00000020869,55379
ENSMUSG00000020884,432
ENSMUSG00000020900,4628
ENSMUSG00000020908,4621
ENSMUSG00000020911,3880
ENSMUSG00000020913,192666
ENSMUSG00000020917,47
ENSMUSG00000020923,7343
ENSMUSG00000020932,2670
ENSMUSG00000020935,79877
ENSMUSG00000020946,9570
ENSMUSG00000020949,2287
ENSMUSG00000020952,23256
ENSMUSG00000020953,1690
ENSMUSG00000020954,29966
ENSMUSG00000020964,6400
ENSMUSG00000020986,10484
ENSMUSG00000020988,79944
ENSMUSG00000021000,100128553
ENSMUSG00000021000,4253
ENSMUSG00000021000,643854
ENSMUSG00000021000,64693
ENSMUSG00000021000,340307
ENSMUSG00000021000,441294
ENSMUSG00000021000,100142659
ENSMUSG00000021003,2581
ENSMUSG00000021024,5687
ENSMUSG00000021033,2954
ENSMUSG00000021036,9517
ENSMUSG00000021037,10598
ENSMUSG00000021040,81892
ENSMUSG00000021044,57143
ENSMUSG00000021048,4522
ENSMUSG00000021054,81537
ENSMUSG00000021061,6710
ENSMUSG00000021069,5836
ENSMUSG00000021072,81542
ENSMUSG00000021078,387990
ENSMUSG00000021079,26520
ENSMUSG00000021087,6252
ENSMUSG00000021094,51635
ENSMUSG00000021096,5494
ENSMUSG00000021097,79789
ENSMUSG00000021102,51218
ENSMUSG00000021108,5583
ENSMUSG00000021114,51382
ENSMUSG00000021116,1965
ENSMUSG00000021125,384
ENSMUSG00000021140,22990
ENSMUSG00000021147,22884
ENSMUSG00000021179,55051
ENSMUSG00000021185,80017
ENSMUSG00000021189,92552
ENSMUSG00000021190,5641
ENSMUSG00000021192,9950
ENSMUSG00000021193,10531
ENSMUSG00000021196,5214
ENSMUSG00000021198,57578
ENSMUSG00000021217,57616
ENSMUSG00000021218,2665
ENSMUSG00000021226,10965
ENSMUSG00000021226,641371
ENSMUSG00000021235,51004
ENSMUSG00000021238,4329
ENSMUSG00000021241,122961
ENSMUSG00000021242,10577
ENSMUSG00000021245,27030
ENSMUSG00000021248,10972
ENSMUSG00000021265,123096
ENSMUSG00000021266,7453
ENSMUSG00000021270,3320
ENSMUSG00000021273,2222
ENSMUSG00000021278,81693
ENSMUSG00000021280,91828
ENSMUSG00000021282,1983
ENSMUSG00000021287,7517
ENSMUSG00000021290,9556
ENSMUSG00000021302,9453
ENSMUSG00000021311,4548
ENSMUSG00000021313,6262
ENSMUSG00000021314,273
ENSMUSG00000021339,57380
ENSMUSG00000021361,81853
ENSMUSG00000021361,51522
ENSMUSG00000021371,63933
ENSMUSG00000021373,10486
ENSMUSG00000021414,222826
ENSMUSG00000021417,10455
ENSMUSG00000021418,10799
ENSMUSG00000021420,10667
ENSMUSG00000021427,6745
ENSMUSG00000021432,51000
ENSMUSG00000021460,549
ENSMUSG00000021468,10558
ENSMUSG00000021474,94081
ENSMUSG00000021476,22927
ENSMUSG00000021484,10960
ENSMUSG00000021486,27166
ENSMUSG00000021493,9260
ENSMUSG00000021496,84105
ENSMUSG00000021497,79770
ENSMUSG00000021499,347732
ENSMUSG00000021501,819
ENSMUSG00000021509,153328
ENSMUSG00000021519,51001
ENSMUSG00000021520,7381
ENSMUSG00000021532,79072
ENSMUSG00000021536,108
ENSMUSG00000021546,3190
ENSMUSG00000021548,902
ENSMUSG00000021565,340024
ENSMUSG00000021577,6389
ENSMUSG00000021578,133957
ENSMUSG00000021583,51752
ENSMUSG00000021585,831
ENSMUSG00000021591,2745
ENSMUSG00000021606,4726
ENSMUSG00000021607,64979
ENSMUSG00000021609,6531
ENSMUSG00000021611,7015
ENSMUSG00000021613,1404
ENSMUSG00000021620,134526
ENSMUSG00000021621,84240
ENSMUSG00000021622,1160
ENSMUSG00000021646,64087
ENSMUSG00000021650,79810
ENSMUSG00000021666,84340
ENSMUSG00000021679,170591
ENSMUSG00000021684,8622
ENSMUSG00000021687,9522
ENSMUSG00000021694,1161
ENSMUSG00000021700,115827
ENSMUSG00000021704,345778
ENSMUSG00000021731,10884
ENSMUSG00000021748,5162
ENSMUSG00000021751,8309
ENSMUSG00000021764,4724
ENSMUSG00000021770,142891
ENSMUSG00000021771,7417
ENSMUSG00000021773,118881
ENSMUSG00000021786,54995
ENSMUSG00000021789,653509
ENSMUSG00000021789,729238
ENSMUSG00000021792,84293
ENSMUSG00000021794,2746
ENSMUSG00000021794,2747
ENSMUSG00000021798,11155
ENSMUSG00000021807,51637
ENSMUSG00000021809,25961
ENSMUSG00000021816,5532
ENSMUSG00000021820,818
ENSMUSG00000021822,5328
ENSMUSG00000021823,7414
ENSMUSG00000021831,30001
ENSMUSG00000021832,5706
ENSMUSG00000021843,3895
ENSMUSG00000021866,311
ENSMUSG00000021867,80195
ENSMUSG00000021868,10105
ENSMUSG00000021870,7871
ENSMUSG00000021877,378
ENSMUSG00000021884,26061
ENSMUSG00000021900,686
ENSMUSG00000021906,92106
ENSMUSG00000021911,8505
ENSMUSG00000021913,55753
ENSMUSG00000021917,28972
ENSMUSG00000021919,1103
ENSMUSG00000021922,3700
ENSMUSG00000021929,3839
ENSMUSG00000021939,1508
ENSMUSG00000021947,51084
ENSMUSG00000021957,7086
ENSMUSG00000021962,55802
ENSMUSG00000021967,78988
ENSMUSG00000021973,221154
ENSMUSG00000021993,4285
ENSMUSG00000021998,3936
ENSMUSG00000022000,23091
ENSMUSG00000022003,253512
ENSMUSG00000022013,29103
ENSMUSG00000022022,9617
ENSMUSG00000022037,1191
ENSMUSG00000022040,2053
ENSMUSG00000022048,1808
ENSMUSG00000022051,665
ENSMUSG00000022054,4741
ENSMUSG00000022055,4747
ENSMUSG00000022090,64236
ENSMUSG00000022091,10174
ENSMUSG00000022094,23516
ENSMUSG00000022099,2039
ENSMUSG00000022110,8803
ENSMUSG00000022136,5611
ENSMUSG00000022139,10150
ENSMUSG00000022141,25836
ENSMUSG00000022149,735
ENSMUSG00000022150,1601
ENSMUSG00000022174,1603
ENSMUSG00000022185,22985
ENSMUSG00000022186,5019
ENSMUSG00000022191,29102
ENSMUSG00000022200,64083
ENSMUSG00000022209,10202
ENSMUSG00000022210,317749
ENSMUSG00000022210,10901
ENSMUSG00000022212,9362
ENSMUSG00000022216,5720
ENSMUSG00000022223,56948
ENSMUSG00000022225,1215
ENSMUSG00000022234,22948
ENSMUSG00000022235,134147
ENSMUSG00000022240,1501
ENSMUSG00000022244,23600
ENSMUSG00000022246,26064
ENSMUSG00000022253,133686
ENSMUSG00000022255,92140
ENSMUSG00000022283,26986
ENSMUSG00000022283,5042
ENSMUSG00000022285,7534
ENSMUSG00000022299,81034
ENSMUSG00000022306,23414
ENSMUSG00000022307,55074
ENSMUSG00000022312,8667
ENSMUSG00000022313,84294
ENSMUSG00000022323,10247
ENSMUSG00000022336,3646
ENSMUSG00000022337,9694
ENSMUSG00000022351,6713
ENSMUSG00000022354,4715
ENSMUSG00000022365,79139
ENSMUSG00000022370,28998
ENSMUSG00000022378,51571
ENSMUSG00000022386,55687
ENSMUSG00000022401,63929
ENSMUSG00000022403,6767
ENSMUSG00000022404,10478
ENSMUSG00000022407,158
ENSMUSG00000022412,54471
ENSMUSG00000022427,56993
ENSMUSG00000022437,25813
ENSMUSG00000022439,64098
ENSMUSG00000022443,4627
ENSMUSG00000022445,1565
ENSMUSG00000022450,4700
ENSMUSG00000022451,5756
ENSMUSG00000022452,91689
ENSMUSG00000022453,4668
ENSMUSG00000022456,55964
ENSMUSG00000022471,2547
ENSMUSG00000022477,50
ENSMUSG00000022489,5153
ENSMUSG00000022490,5502
ENSMUSG00000022519,6345
ENSMUSG00000022545,2072
ENSMUSG00000022550,203054
ENSMUSG00000022551,1537
ENSMUSG00000022553,84232
ENSMUSG00000022555,8694
ENSMUSG00000022559,26233
ENSMUSG00000022561,8733
ENSMUSG00000022562,26873
ENSMUSG00000022565,5339
ENSMUSG00000022568,23513
ENSMUSG00000022571,65263
ENSMUSG00000022589,1585
ENSMUSG00000022589,1584
ENSMUSG00000022615,1890
ENSMUSG00000022620,410
ENSMUSG00000022636,214
ENSMUSG00000022661,4345
ENSMUSG00000022668,29083
ENSMUSG00000022671,80097
ENSMUSG00000022671,653784
ENSMUSG00000022683,8399
ENSMUSG00000022706,64976
ENSMUSG00000022721,27037
ENSMUSG00000022738,2928
ENSMUSG00000022742,1371
ENSMUSG00000022751,56954
ENSMUSG00000022752,9868
ENSMUSG00000022756,6545
ENSMUSG00000022762,4685
ENSMUSG00000022763,150209
ENSMUSG00000022769,23753
ENSMUSG00000022770,1739
ENSMUSG00000022781,5062
ENSMUSG00000022789,10059
ENSMUSG00000022792,51067
ENSMUSG00000022797,7037
ENSMUSG00000022820,4710
ENSMUSG00000022821,3081
ENSMUSG00000022827,285282
ENSMUSG00000022836,4638
ENSMUSG00000022841,1173
ENSMUSG00000022844,10954
ENSMUSG00000022853,1962
ENSMUSG00000022871,26998
ENSMUSG00000022875,3827
ENSMUSG00000022876,64092
ENSMUSG00000022878,9370
ENSMUSG00000022884,1974
ENSMUSG00000022889,54148
ENSMUSG00000022890,522
ENSMUSG00000022892,351
ENSMUSG00000022899,6565
ENSMUSG00000022906,83666
ENSMUSG00000022931,254950
ENSMUSG00000022940,51227
ENSMUSG00000022956,539
ENSMUSG00000022957,6453
ENSMUSG00000022982,6647
ENSMUSG00000022986,9119
ENSMUSG00000022991,3906
ENSMUSG00000022995,55740
ENSMUSG00000023004,10376
ENSMUSG00000023019,2819
ENSMUSG00000023020,84987
ENSMUSG00000023022,51474
ENSMUSG00000023025,113251
ENSMUSG00000023030,4891
ENSMUSG00000023039,3855
ENSMUSG00000023041,286887
ENSMUSG00000023041,3854
ENSMUSG00000023041,3853
ENSMUSG00000023043,3875
ENSMUSG00000023070,9104
ENSMUSG00000023072,84902
ENSMUSG00000023087,25819
ENSMUSG00000023089,4698
ENSMUSG00000023092,2273
ENSMUSG00000023094,22921
ENSMUSG00000023170,2874
ENSMUSG00000023175,682
ENSMUSG00000023216,2038
ENSMUSG00000023236,6447
ENSMUSG00000023249,10039
ENSMUSG00000023262,95
ENSMUSG00000023272,79174
ENSMUSG00000023307,54708
ENSMUSG00000023328,43
ENSMUSG00000023456,7167
ENSMUSG00000023484,5630
ENSMUSG00000023505,83461
ENSMUSG00000023723,51649
ENSMUSG00000023830,3482
ENSMUSG00000023832,39
ENSMUSG00000023845,4012
ENSMUSG00000023861,51660
ENSMUSG00000023902,84891
ENSMUSG00000023905,51330
ENSMUSG00000023912,9481
ENSMUSG00000023914,4224
ENSMUSG00000023915,27242
ENSMUSG00000023921,4594
ENSMUSG00000023938,57505
ENSMUSG00000023939,64928
ENSMUSG00000023944,3326
ENSMUSG00000023951,7422
ENSMUSG00000023959,53405
ENSMUSG00000023960,59084
ENSMUSG00000023965,64839
ENSMUSG00000023967,55168
ENSMUSG00000023972,5754
ENSMUSG00000023973,10695
ENSMUSG00000023979,2979
ENSMUSG00000024012,23787
ENSMUSG00000024026,2739
ENSMUSG00000024027,2740
ENSMUSG00000024038,4731
ENSMUSG00000024039,875
ENSMUSG00000024039,875
ENSMUSG00000024041,1409
ENSMUSG00000024041,1409
ENSMUSG00000024048,10627
ENSMUSG00000024065,30845
ENSMUSG00000024066,7498
ENSMUSG00000024069,55676
ENSMUSG00000024072,84272
ENSMUSG00000024077,6801
ENSMUSG00000024082,55471
ENSMUSG00000024085,4124
ENSMUSG00000024091,9218
ENSMUSG00000024099,4729
ENSMUSG00000024104,387680
ENSMUSG00000024104,253725
ENSMUSG00000024112,8912
ENSMUSG00000024120,10128
ENSMUSG00000024121,527
ENSMUSG00000024122,5170
ENSMUSG00000024127,9581
ENSMUSG00000024131,6519
ENSMUSG00000024132,1632
ENSMUSG00000024150,90411
ENSMUSG00000024158,3029
ENSMUSG00000024160,90864
ENSMUSG00000024164,718
ENSMUSG00000024177,4833
ENSMUSG00000024181,10573
ENSMUSG00000024186,8786
ENSMUSG00000024197,10226
ENSMUSG00000024208,84300
ENSMUSG00000024210,117283
ENSMUSG00000024228,83594
ENSMUSG00000024234,55149
ENSMUSG00000024238,6935
ENSMUSG00000024246,80745
ENSMUSG00000024248,9167
ENSMUSG00000024259,91137
ENSMUSG00000024269,25941
ENSMUSG00000024286,219771
ENSMUSG00000024304,1000
ENSMUSG00000024308,6892
ENSMUSG00000024309,10471
ENSMUSG00000024313,4225
ENSMUSG00000024319,6293
ENSMUSG00000024327,7922
ENSMUSG00000024339,6891
ENSMUSG00000024349,340061
ENSMUSG00000024357,64374
ENSMUSG00000024359,3313
ENSMUSG00000024360,2107
ENSMUSG00000024371,717
ENSMUSG00000024381,274
ENSMUSG00000024387,1460
ENSMUSG00000024388,4648
ENSMUSG00000024392,7917
ENSMUSG00000024393,7916
ENSMUSG00000024403,534
ENSMUSG00000024411,361
ENSMUSG00000024413,4864
ENSMUSG00000024414,51264
ENSMUSG00000024421,3909
ENSMUSG00000024431,2908
ENSMUSG00000024436,28973
ENSMUSG00000024442,9812
ENSMUSG00000024485,83697
ENSMUSG00000024493,51520
ENSMUSG00000024500,5521
ENSMUSG00000024501,1809
ENSMUSG00000024503,6690
ENSMUSG00000024507,3295
ENSMUSG00000024510,94033
ENSMUSG00000024521,5366
ENSMUSG00000024526,1149
ENSMUSG00000024527,10939
ENSMUSG00000024530,10650
ENSMUSG00000024556,4200
ENSMUSG00000024570,79863
ENSMUSG00000024579,78991
ENSMUSG00000024580,134266
ENSMUSG00000024581,8774
ENSMUSG00000024587,4677
ENSMUSG00000024588,2235
ENSMUSG00000024590,4001
ENSMUSG00000024592,401207
ENSMUSG00000024598,2201
ENSMUSG00000024601,51015
ENSMUSG00000024608,6208
ENSMUSG00000024610,972
ENSMUSG00000024614,54495
ENSMUSG00000024617,815
ENSMUSG00000024639,2776
ENSMUSG00000024640,29968
ENSMUSG00000024644,55748
ENSMUSG00000024645,29090
ENSMUSG00000024646,1528
ENSMUSG00000024653,7356
ENSMUSG00000024654,80150
ENSMUSG00000024659,301
ENSMUSG00000024661,2495
ENSMUSG00000024664,3995
ENSMUSG00000024665,9415
ENSMUSG00000024683,54948
ENSMUSG00000024712,55312
ENSMUSG00000024713,5125
ENSMUSG00000024737,51296
ENSMUSG00000024742,2237
ENSMUSG00000024758,10313
ENSMUSG00000024759,25923
ENSMUSG00000024772,10938
ENSMUSG00000024781,3988
ENSMUSG00000024782,50808
ENSMUSG00000024792,7542
ENSMUSG00000024795,9585
ENSMUSG00000024807,84447
ENSMUSG00000024812,9414
ENSMUSG00000024818,283130
ENSMUSG00000024827,2731
ENSMUSG00000024829,219927
ENSMUSG00000024833,23649
ENSMUSG00000024835,57175
ENSMUSG00000024844,8815
ENSMUSG00000024866,91703
ENSMUSG00000024869,254552
ENSMUSG00000024870,5861
ENSMUSG00000024885,221
ENSMUSG00000024887,653308
ENSMUSG00000024887,56624
ENSMUSG00000024892,5091
ENSMUSG00000024896,9562
ENSMUSG00000024899,9060
ENSMUSG00000024900,1374
ENSMUSG00000024902,65003
ENSMUSG00000024913,4041
ENSMUSG00000024944,402
ENSMUSG00000024948,5871
ENSMUSG00000024949,7536
ENSMUSG00000024953,25824
ENSMUSG00000024958,56834
ENSMUSG00000024959,572
ENSMUSG00000024960,5331
ENSMUSG00000024962,7423
ENSMUSG00000024963,3338
ENSMUSG00000024966,10963
ENSMUSG00000024974,9126
ENSMUSG00000024978,57678
ENSMUSG00000024981,51703
ENSMUSG00000024990,5950
ENSMUSG00000024991,8661
ENSMUSG00000024997,10935
ENSMUSG00000024999,64318
ENSMUSG00000025006,10580
ENSMUSG00000025007,5832
ENSMUSG00000025016,56889
ENSMUSG00000025036,118980
ENSMUSG00000025037,4128
ENSMUSG00000025040,139341
ENSMUSG00000025041,22978
ENSMUSG00000025043,63904
ENSMUSG00000025059,2710
ENSMUSG00000025060,9748
ENSMUSG00000025092,259217
ENSMUSG00000025129,116729
ENSMUSG00000025130,5034
ENSMUSG00000025132,396
ENSMUSG00000025134,10189
ENSMUSG00000025140,5831
ENSMUSG00000025144,201254
ENSMUSG00000025153,2194
ENSMUSG00000025156,2873
ENSMUSG00000025157,84287
ENSMUSG00000025169,79701
ENSMUSG00000025172,26287
ENSMUSG00000025176,112817
ENSMUSG00000025178,55361
ENSMUSG00000025190,2805
ENSMUSG00000025194,1244
ENSMUSG00000025204,4714
ENSMUSG00000025207,57715
ENSMUSG00000025208,84545
ENSMUSG00000025209,56652
ENSMUSG00000025212,81855
ENSMUSG00000025224,8729
ENSMUSG00000025228,10121
ENSMUSG00000025236,83440
ENSMUSG00000025239,8994
ENSMUSG00000025240,22908
ENSMUSG00000025241,79443
ENSMUSG00000025260,3028
ENSMUSG00000025261,10075
ENSMUSG00000025266,54552
ENSMUSG00000025269,27301
ENSMUSG00000025270,212
ENSMUSG00000025278,2317
ENSMUSG00000025287,23597
ENSMUSG00000025289,10549
ENSMUSG00000025290,6229
ENSMUSG00000025317,763
ENSMUSG00000025337,51119
ENSMUSG00000025347,196410
ENSMUSG00000025348,3679
ENSMUSG00000025358,1017
ENSMUSG00000025362,6231
ENSMUSG00000025364,5036
ENSMUSG00000025366,23344
ENSMUSG00000025371,79643
ENSMUSG00000025372,10458
ENSMUSG00000025381,10330
ENSMUSG00000025386,5148
ENSMUSG00000025393,506
ENSMUSG00000025396,8630
ENSMUSG00000025403,6472
ENSMUSG00000025410,10540
ENSMUSG00000025418,7809
ENSMUSG00000025421,84064
ENSMUSG00000025423,9063
ENSMUSG00000025428,498
ENSMUSG00000025436,91419
ENSMUSG00000025453,23530
ENSMUSG00000025465,1892
ENSMUSG00000025470,118472
ENSMUSG00000025478,10570
ENSMUSG00000025479,1571
ENSMUSG00000025484,51272
ENSMUSG00000025486,23410
ENSMUSG00000025487,5719
ENSMUSG00000025492,10410
ENSMUSG00000025492,10581
ENSMUSG00000025504,64787
ENSMUSG00000025508,6181
ENSMUSG00000025510,977
ENSMUSG00000025525,139322
ENSMUSG00000025534,2990
ENSMUSG00000025544,9375
ENSMUSG00000025545,171425
ENSMUSG00000025579,2548
ENSMUSG00000025607,26958
ENSMUSG00000025608,5420
ENSMUSG00000025613,10694
ENSMUSG00000025630,3251
ENSMUSG00000025645,79714
ENSMUSG00000025651,7384
ENSMUSG00000025724,23478
ENSMUSG00000025733,89941
ENSMUSG00000025736,339123
ENSMUSG00000025745,3030
ENSMUSG00000025747,7298
ENSMUSG00000025757,22824
ENSMUSG00000025777,54332
ENSMUSG00000025781,509
ENSMUSG00000025791,5236
ENSMUSG00000025792,1468
ENSMUSG00000025794,9045
ENSMUSG00000025809,3688
ENSMUSG00000025810,8829
ENSMUSG00000025815,55526
ENSMUSG00000025816,55176
ENSMUSG00000025817,11164
ENSMUSG00000025823,9601
ENSMUSG00000025825,23479
ENSMUSG00000025868,192286
ENSMUSG00000025870,285598
ENSMUSG00000025871,57179
ENSMUSG00000025873,23197
ENSMUSG00000025877,3101
ENSMUSG00000025885,4645
ENSMUSG00000025889,6622
ENSMUSG00000025900,6101
ENSMUSG00000025903,10434
ENSMUSG00000025911,137872
ENSMUSG00000025935,23471
ENSMUSG00000025937,51110
ENSMUSG00000025940,54968
ENSMUSG00000025945,1421
ENSMUSG00000025950,3417
ENSMUSG00000025962,22868
ENSMUSG00000025964,8745
ENSMUSG00000025967,1933
ENSMUSG00000025968,4719
ENSMUSG00000025971,79568
ENSMUSG00000025978,130132
ENSMUSG00000025980,3329
ENSMUSG00000025981,80219
ENSMUSG00000025982,23451
ENSMUSG00000025991,1373
ENSMUSG00000026000,10314
ENSMUSG00000026003,33
ENSMUSG00000026029,841
ENSMUSG00000026032,4709
ENSMUSG00000026036,60491
ENSMUSG00000026042,1290
ENSMUSG00000026047,79070
ENSMUSG00000026064,7803
ENSMUSG00000026087,51263
ENSMUSG00000026096,64172
ENSMUSG00000026103,2744
ENSMUSG00000026112,493753
ENSMUSG00000026116,23505
ENSMUSG00000026126,26469
ENSMUSG00000026131,667
ENSMUSG00000026142,84236
ENSMUSG00000026150,56947
ENSMUSG00000026154,135154
ENSMUSG00000026159,3267
ENSMUSG00000026170,1593
ENSMUSG00000026172,617
ENSMUSG00000026175,7429
ENSMUSG00000026179,25953
ENSMUSG00000026187,7520
ENSMUSG00000026189,55825
ENSMUSG00000026192,471
ENSMUSG00000026193,2335
ENSMUSG00000026198,10058
ENSMUSG00000026199,55139
ENSMUSG00000026201,8576
ENSMUSG00000026202,7277
ENSMUSG00000026208,1674
ENSMUSG00000026209,23549
ENSMUSG00000026226,130560
ENSMUSG00000026229,5707
ENSMUSG00000026234,4691
ENSMUSG00000026235,2043
ENSMUSG00000026248,65080
ENSMUSG00000026254,9470
ENSMUSG00000026255,80303
ENSMUSG00000026260,4705
ENSMUSG00000026272,189
ENSMUSG00000026273,130916
ENSMUSG00000026276,4735
ENSMUSG00000026278,666
ENSMUSG00000026281,1841
ENSMUSG00000026289,55054
ENSMUSG00000026335,5066
ENSMUSG00000026341,10096
ENSMUSG00000026342,80255
ENSMUSG00000026353,23190
ENSMUSG00000026356,1615
ENSMUSG00000026361,79577
ENSMUSG00000026365,3075
ENSMUSG00000026374,7247
ENSMUSG00000026385,1622
ENSMUSG00000026414,7139
ENSMUSG00000026420,11009
ENSMUSG00000026421,1465
ENSMUSG00000026425,23380
ENSMUSG00000026426,127829
ENSMUSG00000026452,127833
ENSMUSG00000026456,51706
ENSMUSG00000026466,26092
ENSMUSG00000026469,9213
ENSMUSG00000026471,3140
ENSMUSG00000026473,2752
ENSMUSG00000026478,3915
ENSMUSG00000026483,116496
ENSMUSG00000026489,56997
ENSMUSG00000026492,64216
ENSMUSG00000026496,142
ENSMUSG00000026500,116228
ENSMUSG00000026510,7159
ENSMUSG00000026520,29920
ENSMUSG00000026526,2271
ENSMUSG00000026527,6000
ENSMUSG00000026532,6708
ENSMUSG00000026547,8407
ENSMUSG00000026553,1314
ENSMUSG00000026568,25874
ENSMUSG00000026576,481
ENSMUSG00000026577,8548
ENSMUSG00000026582,6401
ENSMUSG00000026587,460
ENSMUSG00000026611,128153
ENSMUSG00000026615,2058
ENSMUSG00000026617,10380
ENSMUSG00000026618,55699
ENSMUSG00000026621,64757
ENSMUSG00000026632,128387
ENSMUSG00000026634,90806
ENSMUSG00000026645,55301
ENSMUSG00000026657,55691
ENSMUSG00000026663,22926
ENSMUSG00000026664,5264
ENSMUSG00000026675,51478
ENSMUSG00000026687,223
ENSMUSG00000026688,4259
ENSMUSG00000026691,2328
ENSMUSG00000026697,4653
ENSMUSG00000026701,9588
ENSMUSG00000026709,55157
ENSMUSG00000026712,4360
ENSMUSG00000026715,462
ENSMUSG00000026726,8029
ENSMUSG00000026727,6251
ENSMUSG00000026728,7431
ENSMUSG00000026730,9317
ENSMUSG00000026734,256815
ENSMUSG00000026753,5537
ENSMUSG00000026766,27249
ENSMUSG00000026768,8516
ENSMUSG00000026775,10730
ENSMUSG00000026784,23590
ENSMUSG00000026787,2572
ENSMUSG00000026790,4957
ENSMUSG00000026797,6812
ENSMUSG00000026798,51117
ENSMUSG00000026817,203
ENSMUSG00000026819,114789
ENSMUSG00000026820,80142
ENSMUSG00000026822,3934
ENSMUSG00000026825,1759
ENSMUSG00000026827,2820
ENSMUSG00000026837,1289
ENSMUSG00000026848,27348
ENSMUSG00000026853,1384
ENSMUSG00000026860,56904
ENSMUSG00000026864,3309
ENSMUSG00000026866,8942
ENSMUSG00000026878,51552
ENSMUSG00000026879,2934
ENSMUSG00000026887,92399
ENSMUSG00000026895,4702
ENSMUSG00000026904,57282
ENSMUSG00000026914,10213
ENSMUSG00000026926,23203
ENSMUSG00000026933,157922
ENSMUSG00000026958,29952
ENSMUSG00000026994,2591
ENSMUSG00000027002,10787
ENSMUSG00000027012,1781
ENSMUSG00000027022,129446
ENSMUSG00000027067,6749
ENSMUSG00000027070,4036
ENSMUSG00000027076,26519
ENSMUSG00000027086,79675
ENSMUSG00000027099,10651
ENSMUSG00000027102,3234
ENSMUSG00000027104,1386
ENSMUSG00000027108,29789
ENSMUSG00000027111,3655
ENSMUSG00000027164,7189
ENSMUSG00000027170,10480
ENSMUSG00000027184,4076
ENSMUSG00000027187,847
ENSMUSG00000027193,8539
ENSMUSG00000027195,51144
ENSMUSG00000027199,2628
ENSMUSG00000027202,6557
ENSMUSG00000027203,1854
ENSMUSG00000027204,2200
ENSMUSG00000027222,9409
ENSMUSG00000027223,9479
ENSMUSG00000027227,6652
ENSMUSG00000027229,145645
ENSMUSG00000027247,392
ENSMUSG00000027248,2923
ENSMUSG00000027253,4038
ENSMUSG00000027254,4130
ENSMUSG00000027259,161823
ENSMUSG00000027261,54363
ENSMUSG00000027270,24141
ENSMUSG00000027282,23788
ENSMUSG00000027288,64397
ENSMUSG00000027293,30844
ENSMUSG00000027305,51103
ENSMUSG00000027306,51203
ENSMUSG00000027309,25943
ENSMUSG00000027312,8455
ENSMUSG00000027313,79094
ENSMUSG00000027323,5888
ENSMUSG00000027327,54976
ENSMUSG00000027332,3712
ENSMUSG00000027356,55612
ENSMUSG00000027357,54675
ENSMUSG00000027359,11001
ENSMUSG00000027361,2553
ENSMUSG00000027367,56910
ENSMUSG00000027371,51011
ENSMUSG00000027371,151313
ENSMUSG00000027374,64969
ENSMUSG00000027381,10018
ENSMUSG00000027384,79133
ENSMUSG00000027405,10528
ENSMUSG00000027406,3420
ENSMUSG00000027422,6238
ENSMUSG00000027424,92667
ENSMUSG00000027428,10741
ENSMUSG00000027435,22918
ENSMUSG00000027438,63908
ENSMUSG00000027447,1471
ENSMUSG00000027452,84532
ENSMUSG00000027455,55968
ENSMUSG00000027457,9751
ENSMUSG00000027465,128637
ENSMUSG00000027495,116151
ENSMUSG00000027500,11075
ENSMUSG00000027509,8480
ENSMUSG00000027513,5105
ENSMUSG00000027517,140731
ENSMUSG00000027519,57403
ENSMUSG00000027522,8675
ENSMUSG00000027523,2778
ENSMUSG00000027531,3612
ENSMUSG00000027533,2171
ENSMUSG00000027540,5770
ENSMUSG00000027556,759
ENSMUSG00000027559,761
ENSMUSG00000027562,760
ENSMUSG00000027566,5688
ENSMUSG00000027597,191
ENSMUSG00000027599,55156
ENSMUSG00000027601,9650
ENSMUSG00000027611,10544
ENSMUSG00000027613,3692
ENSMUSG00000027624,2036
ENSMUSG00000027634,57446
ENSMUSG00000027637,100527943
ENSMUSG00000027639,25939
ENSMUSG00000027642,6185
ENSMUSG00000027646,6714
ENSMUSG00000027668,55669
ENSMUSG00000027673,4711
ENSMUSG00000027679,131118
ENSMUSG00000027698,57552
ENSMUSG00000027709,56922
ENSMUSG00000027710,28976
ENSMUSG00000027712,308
ENSMUSG00000027739,83452
ENSMUSG00000027742,57511
ENSMUSG00000027746,51569
ENSMUSG00000027750,10631
ENSMUSG00000027761,13
ENSMUSG00000027763,4154
ENSMUSG00000027774,85476
ENSMUSG00000027782,3840
ENSMUSG00000027784,151742
ENSMUSG00000027797,9201
ENSMUSG00000027799,26960
ENSMUSG00000027804,5481
ENSMUSG00000027809,2110
ENSMUSG00000027810,83939
ENSMUSG00000027820,4311
ENSMUSG00000027828,6747
ENSMUSG00000027829,57018
ENSMUSG00000027861,845
ENSMUSG00000027864,5738
ENSMUSG00000027870,51179
ENSMUSG00000027871,3284
ENSMUSG00000027871,3283
ENSMUSG00000027875,3158
ENSMUSG00000027879,9554
ENSMUSG00000027883,29899
ENSMUSG00000027893,10768
ENSMUSG00000027901,79961
ENSMUSG00000027907,6282
ENSMUSG00000027932,11000
ENSMUSG00000027940,7170
ENSMUSG00000027944,10456
ENSMUSG00000027947,3570
ENSMUSG00000027978,8492
ENSMUSG00000027984,3033
ENSMUSG00000027993,23321
ENSMUSG00000027994,55013
ENSMUSG00000028007,51375
ENSMUSG00000028013,27068
ENSMUSG00000028024,2028
ENSMUSG00000028029,9255
ENSMUSG00000028032,9061
ENSMUSG00000028049,10067
ENSMUSG00000028063,4000
ENSMUSG00000028070,128240
ENSMUSG00000028081,6189
ENSMUSG00000028085,5188
ENSMUSG00000028088,2330
ENSMUSG00000028093,51205
ENSMUSG00000028102,8799
ENSMUSG00000028107,80222
ENSMUSG00000028127,5825
ENSMUSG00000028128,2152
ENSMUSG00000028140,65005
ENSMUSG00000028145,117145
ENSMUSG00000028148,284486
ENSMUSG00000028149,5910
ENSMUSG00000028158,4547
ENSMUSG00000028161,5530
ENSMUSG00000028165,493856
ENSMUSG00000028179,1491
ENSMUSG00000028189,1486
ENSMUSG00000028194,23576
ENSMUSG00000028199,1429
ENSMUSG00000028207,444
ENSMUSG00000028221,55529
ENSMUSG00000028223,1666
ENSMUSG00000028228,8895
ENSMUSG00000028229,51115
ENSMUSG00000028232,137695
ENSMUSG00000028234,6224
ENSMUSG00000028247,51805
ENSMUSG00000028249,6386
ENSMUSG00000028261,29078
ENSMUSG00000028273,10611
ENSMUSG00000028274,8732
ENSMUSG00000028277,51465
ENSMUSG00000028292,57038
ENSMUSG00000028307,229
ENSMUSG00000028312,10592
ENSMUSG00000028334,54187
ENSMUSG00000028343,23071
ENSMUSG00000028348,347273
ENSMUSG00000028364,3371
ENSMUSG00000028367,7295
ENSMUSG00000028369,79987
ENSMUSG00000028383,84263
ENSMUSG00000028393,210
ENSMUSG00000028405,48
ENSMUSG00000028410,3301
ENSMUSG00000028412,23446
ENSMUSG00000028426,5887
ENSMUSG00000028427,364
ENSMUSG00000028427,100509620
ENSMUSG00000028443,318
ENSMUSG00000028444,1271
ENSMUSG00000028452,7415
ENSMUSG00000028455,30968
ENSMUSG00000028464,7169
ENSMUSG00000028465,7094
ENSMUSG00000028470,84681
ENSMUSG00000028484,11168
ENSMUSG00000028495,6194
ENSMUSG00000028523,200132
ENSMUSG00000028524,84251
ENSMUSG00000028527,205
ENSMUSG00000028528,9829
ENSMUSG00000028552,2060
ENSMUSG00000028567,51060
ENSMUSG00000028576,80173
ENSMUSG00000028580,9698
ENSMUSG00000028600,127435
ENSMUSG00000028601,55268
ENSMUSG00000028603,6342
ENSMUSG00000028607,1376
ENSMUSG00000028614,55706
ENSMUSG00000028622,51253
ENSMUSG00000028637,728621
ENSMUSG00000028639,4904
ENSMUSG00000028641,64175
ENSMUSG00000028648,4725
ENSMUSG00000028649,23499
ENSMUSG00000028653,54802
ENSMUSG00000028656,10487
ENSMUSG00000028657,5538
ENSMUSG00000028672,3155
ENSMUSG00000028676,10772
ENSMUSG00000028677,55182
ENSMUSG00000028687,4595
ENSMUSG00000028690,25974
ENSMUSG00000028691,5052
ENSMUSG00000028692,10327
ENSMUSG00000028706,387338
ENSMUSG00000028710,64756
ENSMUSG00000028713,1580
ENSMUSG00000028715,1579
ENSMUSG00000028715,1579
ENSMUSG00000028737,8659
ENSMUSG00000028743,8574
ENSMUSG00000028745,832
ENSMUSG00000028749,64600
ENSMUSG00000028751,30814
ENSMUSG00000028756,65018
ENSMUSG00000028757,1650
ENSMUSG00000028763,3339
ENSMUSG00000028766,249
ENSMUSG00000028773,2170
ENSMUSG00000028789,113451
ENSMUSG00000028790,10657
ENSMUSG00000028792,204
ENSMUSG00000028798,8668
ENSMUSG00000028811,8565
ENSMUSG00000028820,6421
ENSMUSG00000028826,55219
ENSMUSG00000028837,5690
ENSMUSG00000028843,83442
ENSMUSG00000028847,27095
ENSMUSG00000028861,64960
ENSMUSG00000028868,10163
ENSMUSG00000028874,2268
ENSMUSG00000028879,23673
ENSMUSG00000028889,79693
ENSMUSG00000028906,2035
ENSMUSG00000028909,10076
ENSMUSG00000028910,51102
ENSMUSG00000028919,128272
ENSMUSG00000028931,8514
ENSMUSG00000028936,6146
ENSMUSG00000028937,11332
ENSMUSG00000028953,10061
ENSMUSG00000028955,9341
ENSMUSG00000028959,10922
ENSMUSG00000028961,5226
ENSMUSG00000028964,11315
ENSMUSG00000028965,3604
ENSMUSG00000028970,5243
ENSMUSG00000028973,11194
ENSMUSG00000028975,5195
ENSMUSG00000028980,9563
ENSMUSG00000028982,84275
ENSMUSG00000028991,2475
ENSMUSG00000028998,54543
ENSMUSG00000029014,27000
ENSMUSG00000029017,9512
ENSMUSG00000029020,9927
ENSMUSG00000029027,1677
ENSMUSG00000029036,83858
ENSMUSG00000029036,219293
ENSMUSG00000029036,55210
ENSMUSG00000029048,11079
ENSMUSG00000029059,127281
ENSMUSG00000029064,2782
ENSMUSG00000029066,55052
ENSMUSG00000029086,8842
ENSMUSG00000029088,80333
ENSMUSG00000029095,84448
ENSMUSG00000029098,8310
ENSMUSG00000029101,6002
ENSMUSG00000029103,4043
ENSMUSG00000029106,118
ENSMUSG00000029110,6047
ENSMUSG00000029119,23324
ENSMUSG00000029121,1400
ENSMUSG00000029148,29959
ENSMUSG00000029152,54940
ENSMUSG00000029153,132299
ENSMUSG00000029155,132671
ENSMUSG00000029166,22924
ENSMUSG00000029168,56896
ENSMUSG00000029169,1665
ENSMUSG00000029171,55276
ENSMUSG00000029198,80273
ENSMUSG00000029199,11019
ENSMUSG00000029203,3093
ENSMUSG00000029208,60558
ENSMUSG00000029213,54951
ENSMUSG00000029221,10463
ENSMUSG00000029223,7345
ENSMUSG00000029231,5156
ENSMUSG00000029234,55858
ENSMUSG00000029247,10606
ENSMUSG00000029260,7366
ENSMUSG00000029260,10720
ENSMUSG00000029260,7367
ENSMUSG00000029260,54490
ENSMUSG00000029260,7365
ENSMUSG00000029260,7363
ENSMUSG00000029260,7364
ENSMUSG00000029270,388650
ENSMUSG00000029291,22902
ENSMUSG00000029309,8404
ENSMUSG00000029310,53343
ENSMUSG00000029311,51170
ENSMUSG00000029319,27235
ENSMUSG00000029346,402055
ENSMUSG00000029368,213
ENSMUSG00000029373,5196
ENSMUSG00000029373,5197
ENSMUSG00000029376,441024
ENSMUSG00000029381,57619
ENSMUSG00000029405,9908
ENSMUSG00000029407,8615
ENSMUSG00000029408,23457
ENSMUSG00000029413,27163
ENSMUSG00000029426,950
ENSMUSG00000029430,5901
ENSMUSG00000029432,2631
ENSMUSG00000029433,56616
ENSMUSG00000029445,3242
ENSMUSG00000029446,5723
ENSMUSG00000029455,217
ENSMUSG00000029456,80724
ENSMUSG00000029462,51699
ENSMUSG00000029467,488
ENSMUSG00000029484,306
ENSMUSG00000029486,65008
ENSMUSG00000029499,5827
ENSMUSG00000029500,192111
ENSMUSG00000029501,23141
ENSMUSG00000029502,2802
ENSMUSG00000029503,22953
ENSMUSG00000029507,80324
ENSMUSG00000029518,11021
ENSMUSG00000029524,23409
ENSMUSG00000029535,51499
ENSMUSG00000029536,283459
ENSMUSG00000029545,35
ENSMUSG00000029557,29960
ENSMUSG00000029559,64897
ENSMUSG00000029575,326625
ENSMUSG00000029577,89910
ENSMUSG00000029580,60
ENSMUSG00000029581,6624
ENSMUSG00000029591,7374
ENSMUSG00000029592,84749
ENSMUSG00000029596,113675
ENSMUSG00000029598,196463
ENSMUSG00000029608,22895
ENSMUSG00000029610,7965
ENSMUSG00000029614,6128
ENSMUSG00000029616,10961
ENSMUSG00000029621,10552
ENSMUSG00000029624,26024
ENSMUSG00000029624,100526740
ENSMUSG00000029632,4697
ENSMUSG00000029638,113263
ENSMUSG00000029640,219333
ENSMUSG00000029648,2321
ENSMUSG00000029657,10808
ENSMUSG00000029661,1278
ENSMUSG00000029675,2006
ENSMUSG00000029695,10157
ENSMUSG00000029701,55131
ENSMUSG00000029703,222229
ENSMUSG00000029705,1523
ENSMUSG00000029713,2783
ENSMUSG00000029715,10248
ENSMUSG00000029716,7036
ENSMUSG00000029722,3268
ENSMUSG00000029752,440
ENSMUSG00000029757,1780
ENSMUSG00000029759,5446
ENSMUSG00000029761,800
ENSMUSG00000029762,441282
ENSMUSG00000029762,57016
ENSMUSG00000029767,813
ENSMUSG00000029769,64753
ENSMUSG00000029776,11112
ENSMUSG00000029777,2617
ENSMUSG00000029780,51251
ENSMUSG00000029781,11328
ENSMUSG00000029797,23145
ENSMUSG00000029802,9429
ENSMUSG00000029811,26
ENSMUSG00000029815,115416
ENSMUSG00000029816,10457
ENSMUSG00000029823,51631
ENSMUSG00000029823,100996928
ENSMUSG00000029840,136319
ENSMUSG00000029860,7791
ENSMUSG00000029861,9715
ENSMUSG00000029863,835
ENSMUSG00000029864,373156
ENSMUSG00000029910,4085
ENSMUSG00000029911,6742
ENSMUSG00000029916,55750
ENSMUSG00000029918,51650
ENSMUSG00000029924,84255
ENSMUSG00000029993,27247
ENSMUSG00000029994,307
ENSMUSG00000029998,51449
ENSMUSG00000030000,119
ENSMUSG00000030007,10574
ENSMUSG00000030017,130120
ENSMUSG00000030017,5068
ENSMUSG00000030029,26018
ENSMUSG00000030032,84058
ENSMUSG00000030036,7841
ENSMUSG00000030037,116540
ENSMUSG00000030041,130951
ENSMUSG00000030045,9801
ENSMUSG00000030046,27302
ENSMUSG00000030057,7555
ENSMUSG00000030058,22820
ENSMUSG00000030062,6184
ENSMUSG00000030077,10752
ENSMUSG00000030079,8607
ENSMUSG00000030082,29927
ENSMUSG00000030084,5361
ENSMUSG00000030086,84303
ENSMUSG00000030088,10840
ENSMUSG00000030091,23225
ENSMUSG00000030095,79188
ENSMUSG00000030101,285362
ENSMUSG00000030102,3708
ENSMUSG00000030105,55207
ENSMUSG00000030120,8079
ENSMUSG00000030138,9790
ENSMUSG00000030204,51202
ENSMUSG00000030214,79887
ENSMUSG00000030224,11171
ENSMUSG00000030244,2998
ENSMUSG00000030245,51026
ENSMUSG00000030246,3945
ENSMUSG00000030249,10060
ENSMUSG00000030254,56852
ENSMUSG00000030257,9901
ENSMUSG00000030268,586
ENSMUSG00000030271,4968
ENSMUSG00000030278,63924
ENSMUSG00000030282,55907
ENSMUSG00000030286,55831
ENSMUSG00000030298,6396
ENSMUSG00000030302,491
ENSMUSG00000030306,83857
ENSMUSG00000030316,132001
ENSMUSG00000030319,23066
ENSMUSG00000030327,25977
ENSMUSG00000030335,51258
ENSMUSG00000030337,6843
ENSMUSG00000030342,928
ENSMUSG00000030344,10566
ENSMUSG00000030357,2288
ENSMUSG00000030374,29888
ENSMUSG00000030382,10998
ENSMUSG00000030399,1158
ENSMUSG00000030401,6253
ENSMUSG00000030409,1760
ENSMUSG00000030428,57348
ENSMUSG00000030432,6158
ENSMUSG00000030435,11338
ENSMUSG00000030446,25850
ENSMUSG00000030451,8924
ENSMUSG00000030465,23362
ENSMUSG00000030470,8048
ENSMUSG00000030483,1555
ENSMUSG00000030516,7082
ENSMUSG00000030533,55898
ENSMUSG00000030536,8826
ENSMUSG00000030541,3418
ENSMUSG00000030560,1075
ENSMUSG00000030584,8193
ENSMUSG00000030603,5704
ENSMUSG00000030605,4240
ENSMUSG00000030611,64963
ENSMUSG00000030612,26589
ENSMUSG00000030613,60492
ENSMUSG00000030614,55863
ENSMUSG00000030615,84233
ENSMUSG00000030621,10873
ENSMUSG00000030630,2184
ENSMUSG00000030647,4718
ENSMUSG00000030647,100532726
ENSMUSG00000030652,10229
ENSMUSG00000030653,5138
ENSMUSG00000030657,64131
ENSMUSG00000030659,4925
ENSMUSG00000030662,3843
ENSMUSG00000030672,29895
ENSMUSG00000030678,4150
ENSMUSG00000030681,9961
ENSMUSG00000030682,10423
ENSMUSG00000030695,226
ENSMUSG00000030701,58473
ENSMUSG00000030704,5870
ENSMUSG00000030704,84084
ENSMUSG00000030706,51642
ENSMUSG00000030707,11151
ENSMUSG00000030711,100526830
ENSMUSG00000030711,6817
ENSMUSG00000030711,6818
ENSMUSG00000030711,445329
ENSMUSG00000030711,6799
ENSMUSG00000030718,51400
ENSMUSG00000030725,387787
ENSMUSG00000030726,10714
ENSMUSG00000030730,487
ENSMUSG00000030731,84258
ENSMUSG00000030735,7284
ENSMUSG00000030741,83985
ENSMUSG00000030744,6188
ENSMUSG00000030754,1315
ENSMUSG00000030759,84188
ENSMUSG00000030761,4647
ENSMUSG00000030774,5058
ENSMUSG00000030785,1339
ENSMUSG00000030789,3687
ENSMUSG00000030795,2521
ENSMUSG00000030802,10295
ENSMUSG00000030806,112755
ENSMUSG00000030816,9810
ENSMUSG00000030824,4924
ENSMUSG00000030826,587
ENSMUSG00000030830,3683
ENSMUSG00000030835,283820
ENSMUSG00000030835,23420
ENSMUSG00000030835,408050
ENSMUSG00000030842,55004
ENSMUSG00000030847,9531
ENSMUSG00000030850,11101
ENSMUSG00000030851,3948
ENSMUSG00000030861,36
ENSMUSG00000030869,4706
ENSMUSG00000030871,124454
ENSMUSG00000030876,51108
ENSMUSG00000030879,63875
ENSMUSG00000030881,23647
ENSMUSG00000030884,7385
ENSMUSG00000030894,1200
ENSMUSG00000030895,3263
ENSMUSG00000030905,1428
ENSMUSG00000030911,7783
ENSMUSG00000030922,57149
ENSMUSG00000030934,4942
ENSMUSG00000030935,6296
ENSMUSG00000030945,348158
ENSMUSG00000030945,123876
ENSMUSG00000030972,54988
ENSMUSG00000030978,6240
ENSMUSG00000031012,8573
ENSMUSG00000031029,8665
ENSMUSG00000031059,54539
ENSMUSG00000031065,5127
ENSMUSG00000031068,10539
ENSMUSG00000031078,2017
ENSMUSG00000031097,7136
ENSMUSG00000031105,9016
ENSMUSG00000031134,27316
ENSMUSG00000031143,28952
ENSMUSG00000031144,6855
ENSMUSG00000031149,11230
ENSMUSG00000031158,10245
ENSMUSG00000031161,10013
ENSMUSG00000031167,5935
ENSMUSG00000031168,10682
ENSMUSG00000031173,5009
ENSMUSG00000031197,7411
ENSMUSG00000031198,65991
ENSMUSG00000031200,4515
ENSMUSG00000031207,4478
ENSMUSG00000031217,1947
ENSMUSG00000031233,5232
ENSMUSG00000031266,2717
ENSMUSG00000031274,1287
ENSMUSG00000031278,2182
ENSMUSG00000031284,5063
ENSMUSG00000031292,6792
ENSMUSG00000031297,84889
ENSMUSG00000031299,5160
ENSMUSG00000031311,4841
ENSMUSG00000031320,6191
ENSMUSG00000031328,2316
ENSMUSG00000031333,22
ENSMUSG00000031349,50814
ENSMUSG00000031352,3052
ENSMUSG00000031353,5931
ENSMUSG00000031360,56474
ENSMUSG00000031373,11238
ENSMUSG00000031375,633
ENSMUSG00000031378,215
ENSMUSG00000031391,3897
ENSMUSG00000031393,4204
ENSMUSG00000031400,2539
ENSMUSG00000031402,4354
ENSMUSG00000031425,5354
ENSMUSG00000031428,170261
ENSMUSG00000031428,644353
ENSMUSG00000031447,3916
ENSMUSG00000031461,9172
ENSMUSG00000031467,55326
ENSMUSG00000031483,11160
ENSMUSG00000031485,11212
ENSMUSG00000031505,55739
ENSMUSG00000031517,2823
ENSMUSG00000031521,175
ENSMUSG00000031527,90459
ENSMUSG00000031533,10240
ENSMUSG00000031543,286
ENSMUSG00000031561,55714
ENSMUSG00000031574,6770
ENSMUSG00000031578,84549
ENSMUSG00000031584,2936
ENSMUSG00000031591,427
ENSMUSG00000031594,2267
ENSMUSG00000031608,51809
ENSMUSG00000031626,8470
ENSMUSG00000031628,836
ENSMUSG00000031633,291
ENSMUSG00000031634,55325
ENSMUSG00000031635,11199
ENSMUSG00000031641,84869
ENSMUSG00000031659,113
ENSMUSG00000031672,2806
ENSMUSG00000031684,84068
ENSMUSG00000031696,55737
ENSMUSG00000031700,84706
ENSMUSG00000031701,10294
ENSMUSG00000031708,9524
ENSMUSG00000031710,7350
ENSMUSG00000031715,8467
ENSMUSG00000031722,3240
ENSMUSG00000031722,3250
ENSMUSG00000031725,1066
ENSMUSG00000031729,9798
ENSMUSG00000031730,1723
ENSMUSG00000031748,2775
ENSMUSG00000031751,267
ENSMUSG00000031760,4504
ENSMUSG00000031767,283927
ENSMUSG00000031776,23568
ENSMUSG00000031778,6376
ENSMUSG00000031781,57019
ENSMUSG00000031782,57017
ENSMUSG00000031788,3801
ENSMUSG00000031807,25796
ENSMUSG00000031808,376497
ENSMUSG00000031809,100506581
ENSMUSG00000031818,1327
ENSMUSG00000031819,10328
ENSMUSG00000031827,23406
ENSMUSG00000031837,54550
ENSMUSG00000031838,10437
ENSMUSG00000031840,5864
ENSMUSG00000031841,1012
ENSMUSG00000031851,84284
ENSMUSG00000031862,57130
ENSMUSG00000031865,1639
ENSMUSG00000031870,5241
ENSMUSG00000031877,8824
ENSMUSG00000031881,1014
ENSMUSG00000031901,54920
ENSMUSG00000031903,23659
ENSMUSG00000031913,27183
ENSMUSG00000031917,51388
ENSMUSG00000031924,80777
ENSMUSG00000031928,4361
ENSMUSG00000031938,28970
ENSMUSG00000031948,3735
ENSMUSG00000031958,197257
ENSMUSG00000031960,16
ENSMUSG00000031969,27034
ENSMUSG00000031971,126731
ENSMUSG00000031972,58
ENSMUSG00000031974,23456
ENSMUSG00000031985,8443
ENSMUSG00000031991,219938
ENSMUSG00000031993,399979
ENSMUSG00000032009,143686
ENSMUSG00000032011,7070
ENSMUSG00000032018,6309
ENSMUSG00000032026,25996
ENSMUSG00000032030,8065
ENSMUSG00000032042,6734
ENSMUSG00000032044,84881
ENSMUSG00000032046,26090
ENSMUSG00000032047,38
ENSMUSG00000032050,5962
ENSMUSG00000032051,2230
ENSMUSG00000032060,1410
ENSMUSG00000032067,5805
ENSMUSG00000032076,23705
ENSMUSG00000032079,116519
ENSMUSG00000032080,337
ENSMUSG00000032081,345
ENSMUSG00000032083,335
ENSMUSG00000032096,372
ENSMUSG00000032097,1656
ENSMUSG00000032109,79671
ENSMUSG00000032112,51399
ENSMUSG00000032114,2542
ENSMUSG00000032115,10525
ENSMUSG00000032116,3703
ENSMUSG00000032135,4162
ENSMUSG00000032174,7087
ENSMUSG00000032175,7297
ENSMUSG00000032186,29767
ENSMUSG00000032191,10017
ENSMUSG00000032192,10681
ENSMUSG00000032194,25959
ENSMUSG00000032199,81488
ENSMUSG00000032202,5873
ENSMUSG00000032231,302
ENSMUSG00000032254,9493
ENSMUSG00000032261,83699
ENSMUSG00000032263,594
ENSMUSG00000032268,80975
ENSMUSG00000032271,4837
ENSMUSG00000032279,3419
ENSMUSG00000032291,1381
ENSMUSG00000032293,3658
ENSMUSG00000032294,5315
ENSMUSG00000032295,4123
ENSMUSG00000032310,1544
ENSMUSG00000032314,2108
ENSMUSG00000032315,1543
ENSMUSG00000032323,1583
ENSMUSG00000032330,1347
ENSMUSG00000032336,27020
ENSMUSG00000032340,4756
ENSMUSG00000032342,25821
ENSMUSG00000032359,1512
ENSMUSG00000032366,7168
ENSMUSG00000032370,114294
ENSMUSG00000032373,771
ENSMUSG00000032374,5352
ENSMUSG00000032382,6642
ENSMUSG00000032383,5479
ENSMUSG00000032399,6124
ENSMUSG00000032403,145853
ENSMUSG00000032412,483
ENSMUSG00000032418,4199
ENSMUSG00000032423,10492
ENSMUSG00000032435,51143
ENSMUSG00000032437,201595
ENSMUSG00000032449,55186
ENSMUSG00000032456,349565
ENSMUSG00000032458,9276
ENSMUSG00000032459,56945
ENSMUSG00000032478,10201
ENSMUSG00000032479,4134
ENSMUSG00000032480,22907
ENSMUSG00000032496,4057
ENSMUSG00000032498,4292
ENSMUSG00000032501,10221
ENSMUSG00000032504,10015
ENSMUSG00000032507,25827
ENSMUSG00000032511,6331
ENSMUSG00000032517,4336
ENSMUSG00000032518,3921
ENSMUSG00000032519,54977
ENSMUSG00000032527,5096
ENSMUSG00000032548,6578
ENSMUSG00000032553,58477
ENSMUSG00000032554,7018
ENSMUSG00000032555,11073
ENSMUSG00000032556,8419
ENSMUSG00000032562,2771
ENSMUSG00000032563,11222
ENSMUSG00000032571,30849
ENSMUSG00000032575,7873
ENSMUSG00000032579,51409
ENSMUSG00000032589,8927
ENSMUSG00000032601,5576
ENSMUSG00000032602,788
ENSMUSG00000032604,5859
ENSMUSG00000032607,275
ENSMUSG00000032615,56953
ENSMUSG00000032637,11273
ENSMUSG00000032640,22856
ENSMUSG00000032648,5837
ENSMUSG00000032667,5445
ENSMUSG00000032671,100131378
ENSMUSG00000032733,257364
ENSMUSG00000032754,80024
ENSMUSG00000032757,10282
ENSMUSG00000032763,10994
ENSMUSG00000032786,211
ENSMUSG00000032788,8566
ENSMUSG00000032802,140809
ENSMUSG00000032816,57722
ENSMUSG00000032826,287
ENSMUSG00000032841,79899
ENSMUSG00000032855,5310
ENSMUSG00000032883,2181
ENSMUSG00000032902,6566
ENSMUSG00000032939,9688
ENSMUSG00000032942,7352
ENSMUSG00000032959,5037
ENSMUSG00000032966,2280
ENSMUSG00000032977,85395
ENSMUSG00000032997,79586
ENSMUSG00000033006,6663
ENSMUSG00000033007,55515
ENSMUSG00000033039,85377
ENSMUSG00000033047,51386
ENSMUSG00000033059,5834
ENSMUSG00000033065,5213
ENSMUSG00000033066,8522
ENSMUSG00000033096,57136
ENSMUSG00000033105,4047
ENSMUSG00000033126,54059
ENSMUSG00000033157,55347
ENSMUSG00000033161,476
ENSMUSG00000033174,11343
ENSMUSG00000033208,6285
ENSMUSG00000033213,84419
ENSMUSG00000033216,60678
ENSMUSG00000033307,4282
ENSMUSG00000033308,1806
ENSMUSG00000033327,7148
ENSMUSG00000033335,1785
ENSMUSG00000033350,9435
ENSMUSG00000033379,533
ENSMUSG00000033392,23122
ENSMUSG00000033419,9892
ENSMUSG00000033423,79033
ENSMUSG00000033429,84693
ENSMUSG00000033434,8225
ENSMUSG00000033444,23384
ENSMUSG00000033475,100188893
ENSMUSG00000033486,117155
ENSMUSG00000033487,22862
ENSMUSG00000033491,167681
ENSMUSG00000033533,116285
ENSMUSG00000033577,4646
ENSMUSG00000033595,203190
ENSMUSG00000033597,57524
ENSMUSG00000033624,55066
ENSMUSG00000033628,5289
ENSMUSG00000033629,51495
ENSMUSG00000033671,9857
ENSMUSG00000033684,5768
ENSMUSG00000033685,7351
ENSMUSG00000033707,441381
ENSMUSG00000033712,57805
ENSMUSG00000033720,94097
ENSMUSG00000033726,2016
ENSMUSG00000033735,6697
ENSMUSG00000033751,90480
ENSMUSG00000033788,8291
ENSMUSG00000033793,51606
ENSMUSG00000033808,25963
ENSMUSG00000033809,10195
ENSMUSG00000033825,7177
ENSMUSG00000033825,64499
ENSMUSG00000033825,23430
ENSMUSG00000033831,2244
ENSMUSG00000033845,29088
ENSMUSG00000033860,2266
ENSMUSG00000033880,3959
ENSMUSG00000033918,55486
ENSMUSG00000033938,4713
ENSMUSG00000033952,259266
ENSMUSG00000033953,116143
ENSMUSG00000033953,5534
ENSMUSG00000033960,57608
ENSMUSG00000034000,129807
ENSMUSG00000034024,10576
ENSMUSG00000034088,3069
ENSMUSG00000034101,1500
ENSMUSG00000034109,27333
ENSMUSG00000034126,29954
ENSMUSG00000034164,129080
ENSMUSG00000034171,2166
ENSMUSG00000034173,63920
ENSMUSG00000034187,4905
ENSMUSG00000034189,83693
ENSMUSG00000034203,131474
ENSMUSG00000034211,51373
ENSMUSG00000034216,57617
ENSMUSG00000034218,472
ENSMUSG00000034220,2817
ENSMUSG00000034243,2804
ENSMUSG00000034248,51312
ENSMUSG00000034254,10554
ENSMUSG00000034285,8508
ENSMUSG00000034336,9118
ENSMUSG00000034371,26007
ENSMUSG00000034387,51066
ENSMUSG00000034424,2653
ENSMUSG00000034442,57570
ENSMUSG00000034449,79154
ENSMUSG00000034459,439996
ENSMUSG00000034472,23551
ENSMUSG00000034487,143888
ENSMUSG00000034522,55893
ENSMUSG00000034533,6336
ENSMUSG00000034566,10476
ENSMUSG00000034593,4644
ENSMUSG00000034613,57460
ENSMUSG00000034620,10329
ENSMUSG00000034659,79073
ENSMUSG00000034675,1627
ENSMUSG00000034683,151242
ENSMUSG00000034707,2799
ENSMUSG00000034708,2896
ENSMUSG00000034709,129285
ENSMUSG00000034723,56255
ENSMUSG00000034729,55173
ENSMUSG00000034732,140886
ENSMUSG00000034781,2767
ENSMUSG00000034789,53917
ENSMUSG00000034807,79709
ENSMUSG00000034826,53371
ENSMUSG00000034845,83483
ENSMUSG00000034853,26027
ENSMUSG00000034854,126321
ENSMUSG00000034868,103910
ENSMUSG00000034871,338094
ENSMUSG00000034875,390916
ENSMUSG00000034880,64981
ENSMUSG00000034891,6620
ENSMUSG00000034903,22837
ENSMUSG00000034928,22838
ENSMUSG00000034930,6242
ENSMUSG00000034932,116541
ENSMUSG00000034958,85300
ENSMUSG00000034968,85474
ENSMUSG00000034993,10493
ENSMUSG00000034994,1938
ENSMUSG00000035000,1803
ENSMUSG00000035027,5605
ENSMUSG00000035069,115209
ENSMUSG00000035086,8678
ENSMUSG00000035105,112399
ENSMUSG00000035139,79048
ENSMUSG00000035142,80224
ENSMUSG00000035150,1968
ENSMUSG00000035152,163
ENSMUSG00000035181,25938
ENSMUSG00000035183,283652
ENSMUSG00000035198,7283
ENSMUSG00000035199,10550
ENSMUSG00000035202,23395
ENSMUSG00000035227,9789
ENSMUSG00000035232,5165
ENSMUSG00000035297,51138
ENSMUSG00000035311,79158
ENSMUSG00000035355,23415
ENSMUSG00000035441,4642
ENSMUSG00000035455,63979
ENSMUSG00000035458,7137
ENSMUSG00000035472,89874
ENSMUSG00000035473,130589
ENSMUSG00000035493,7045
ENSMUSG00000035504,92840
ENSMUSG00000035505,285521
ENSMUSG00000035517,23424
ENSMUSG00000035540,2638
ENSMUSG00000035557,3872
ENSMUSG00000035559,84769
ENSMUSG00000035561,219
ENSMUSG00000035585,79042
ENSMUSG00000035615,22844
ENSMUSG00000035637,9380
ENSMUSG00000035638,200958
ENSMUSG00000035692,9636
ENSMUSG00000035697,23526
ENSMUSG00000035757,83642
ENSMUSG00000035772,51116
ENSMUSG00000035775,54474
ENSMUSG00000035776,83692
ENSMUSG00000035780,79799
ENSMUSG00000035783,59
ENSMUSG00000035785,146225
ENSMUSG00000035824,7084
ENSMUSG00000035831,147183
ENSMUSG00000035863,5064
ENSMUSG00000035864,6857
ENSMUSG00000035885,1351
ENSMUSG00000035891,64781
ENSMUSG00000035900,23151
ENSMUSG00000035910,51473
ENSMUSG00000035936,7915
ENSMUSG00000035948,79611
ENSMUSG00000035960,328
ENSMUSG00000035967,203522
ENSMUSG00000036046,23313
ENSMUSG00000036062,23349
ENSMUSG00000036078,10280
ENSMUSG00000036095,1607
ENSMUSG00000036109,55796
ENSMUSG00000036181,3006
ENSMUSG00000036186,138311
ENSMUSG00000036199,51079
ENSMUSG00000036211,3010
ENSMUSG00000036256,3490
ENSMUSG00000036257,50640
ENSMUSG00000036273,120892
ENSMUSG00000036278,28992
ENSMUSG00000036281,6621
ENSMUSG00000036282,122830
ENSMUSG00000036285,84273
ENSMUSG00000036309,6500
ENSMUSG00000036323,6731
ENSMUSG00000036327,169714
ENSMUSG00000036334,285313
ENSMUSG00000036368,151393
ENSMUSG00000036371,26135
ENSMUSG00000036402,55970
ENSMUSG00000036427,2821
ENSMUSG00000036438,801
ENSMUSG00000036463,387
ENSMUSG00000036469,55016
ENSMUSG00000036550,23019
ENSMUSG00000036555,23288
ENSMUSG00000036564,65009
ENSMUSG00000036570,5348
ENSMUSG00000036580,23111
ENSMUSG00000036613,7260
ENSMUSG00000036632,29880
ENSMUSG00000036639,4521
ENSMUSG00000036676,160418
ENSMUSG00000036678,8086
ENSMUSG00000036718,79778
ENSMUSG00000036743,143471
ENSMUSG00000036751,1340
ENSMUSG00000036752,10383
ENSMUSG00000036770,441476
ENSMUSG00000036775,26063
ENSMUSG00000036781,51065
ENSMUSG00000036815,57628
ENSMUSG00000036820,51005
ENSMUSG00000036833,375775
ENSMUSG00000036850,64975
ENSMUSG00000036854,126393
ENSMUSG00000036860,128308
ENSMUSG00000036867,4091
ENSMUSG00000036872,94160
ENSMUSG00000036875,1763
ENSMUSG00000036880,10449
ENSMUSG00000036892,58510
ENSMUSG00000036932,9131
ENSMUSG00000036943,51762
ENSMUSG00000036959,63035
ENSMUSG00000036972,84107
ENSMUSG00000036975,80775
ENSMUSG00000036977,10393
ENSMUSG00000036983,51106
ENSMUSG00000037012,3098
ENSMUSG00000037022,166785
ENSMUSG00000037062,51100
ENSMUSG00000037072,9403
ENSMUSG00000037101,83894
ENSMUSG00000037129,84000
ENSMUSG00000037149,1653
ENSMUSG00000037152,4717
ENSMUSG00000037161,84709
ENSMUSG00000037166,94274
ENSMUSG00000037196,135138
ENSMUSG00000037216,51601
ENSMUSG00000037217,6853
ENSMUSG00000037236,9782
ENSMUSG00000037236,9782
ENSMUSG00000037242,25932
ENSMUSG00000037254,3698
ENSMUSG00000037260,138050
ENSMUSG00000037266,57035
ENSMUSG00000037270,84162
ENSMUSG00000037295,26119
ENSMUSG00000037296,27257
ENSMUSG00000037321,6890
ENSMUSG00000037351,10120
ENSMUSG00000037353,25875
ENSMUSG00000037363,137994
ENSMUSG00000037370,5167
ENSMUSG00000037405,3383
ENSMUSG00000037434,7779
ENSMUSG00000037470,56886
ENSMUSG00000037514,80025
ENSMUSG00000037523,57506
ENSMUSG00000037526,22863
ENSMUSG00000037531,57129
ENSMUSG00000037541,22941
ENSMUSG00000037563,6217
ENSMUSG00000037572,11169
ENSMUSG00000037601,4830
ENSMUSG00000037621,84913
ENSMUSG00000037636,203427
ENSMUSG00000037646,157680
ENSMUSG00000037656,6575
ENSMUSG00000037706,975
ENSMUSG00000037710,55847
ENSMUSG00000037720,55161
ENSMUSG00000037736,22998
ENSMUSG00000037740,64949
ENSMUSG00000037742,1915
ENSMUSG00000037747,84457
ENSMUSG00000037772,102724828
ENSMUSG00000037772,6150
ENSMUSG00000037787,84334
ENSMUSG00000037798,4143
ENSMUSG00000037805,4736
ENSMUSG00000037815,1495
ENSMUSG00000037820,7052
ENSMUSG00000037826,152926
ENSMUSG00000037847,54981
ENSMUSG00000037851,3376
ENSMUSG00000037885,140901
ENSMUSG00000037894,3015
ENSMUSG00000037902,140885
ENSMUSG00000037902,10326
ENSMUSG00000037902,55423
ENSMUSG00000037905,140707
ENSMUSG00000037916,4723
ENSMUSG00000037938,84269
ENSMUSG00000037949,55129
ENSMUSG00000037960,84270
ENSMUSG00000037972,8303
ENSMUSG00000037994,133308
ENSMUSG00000038005,54969
ENSMUSG00000038014,23196
ENSMUSG00000038028,57103
ENSMUSG00000038034,93185
ENSMUSG00000038046,55178
ENSMUSG00000038058,10392
ENSMUSG00000038068,255488
ENSMUSG00000038084,4976
ENSMUSG00000038086,3316
ENSMUSG00000038094,84239
ENSMUSG00000038121,125228
ENSMUSG00000038155,2950
ENSMUSG00000038160,9474
ENSMUSG00000038180,6676
ENSMUSG00000038195,83547
ENSMUSG00000038204,136371
ENSMUSG00000038217,727910
ENSMUSG00000038225,201973
ENSMUSG00000038233,729085
ENSMUSG00000038239,3270
ENSMUSG00000038240,57107
ENSMUSG00000038264,8482
ENSMUSG00000038279,4839
ENSMUSG00000038286,670
ENSMUSG00000038298,5174
ENSMUSG00000038302,246269
ENSMUSG00000038323,205327
ENSMUSG00000038342,22877
ENSMUSG00000038366,3927
ENSMUSG00000038387,6237
ENSMUSG00000038388,51678
ENSMUSG00000038393,10628
ENSMUSG00000038412,25994
ENSMUSG00000038422,81932
ENSMUSG00000038429,8078
ENSMUSG00000038453,80725
ENSMUSG00000038462,7386
ENSMUSG00000038467,128866
ENSMUSG00000038486,9900
ENSMUSG00000038503,23184
ENSMUSG00000038525,83787
ENSMUSG00000038540,342125
ENSMUSG00000038555,51308
ENSMUSG00000038563,79631
ENSMUSG00000038567,1591
ENSMUSG00000038582,160760
ENSMUSG00000038583,5350
ENSMUSG00000038587,9590
ENSMUSG00000038598,158401
ENSMUSG00000038600,50617
ENSMUSG00000038604,79567
ENSMUSG00000038612,4170
ENSMUSG00000038633,8560
ENSMUSG00000038641,6718
ENSMUSG00000038642,1520
ENSMUSG00000038671,10139
ENSMUSG00000038690,9551
ENSMUSG00000038704,554235
ENSMUSG00000038717,10632
ENSMUSG00000038717,267020
ENSMUSG00000038729,11217
ENSMUSG00000038751,5753
ENSMUSG00000038762,23
ENSMUSG00000038775,50853
ENSMUSG00000038776,2052
ENSMUSG00000038812,51504
ENSMUSG00000038828,54867
ENSMUSG00000038838,57176
ENSMUSG00000038845,5245
ENSMUSG00000038861,5298
ENSMUSG00000038871,669
ENSMUSG00000038872,463
ENSMUSG00000038880,65993
ENSMUSG00000038886,4122
ENSMUSG00000038888,90353
ENSMUSG00000038900,6136
ENSMUSG00000038936,51097
ENSMUSG00000038957,80153
ENSMUSG00000038967,5164
ENSMUSG00000038991,81567
ENSMUSG00000039007,10404
ENSMUSG00000039016,26521
ENSMUSG00000039018,92170
ENSMUSG00000039048,55572
ENSMUSG00000039062,290
ENSMUSG00000039063,79746
ENSMUSG00000039067,5713
ENSMUSG00000039069,26164
ENSMUSG00000039081,84858
ENSMUSG00000039096,55316
ENSMUSG00000039105,9550
ENSMUSG00000039114,51299
ENSMUSG00000039156,57620
ENSMUSG00000039163,152100
ENSMUSG00000039176,5428
ENSMUSG00000039183,10101
ENSMUSG00000039197,132
ENSMUSG00000039221,200916
ENSMUSG00000039246,127018
ENSMUSG00000039264,55340
ENSMUSG00000039264,100527949
ENSMUSG00000039278,27344
ENSMUSG00000039286,64778
ENSMUSG00000039316,23180
ENSMUSG00000039347,155066
ENSMUSG00000039349,79762
ENSMUSG00000039357,170384
ENSMUSG00000039361,8301
ENSMUSG00000039450,51181
ENSMUSG00000039457,5493
ENSMUSG00000039530,7991
ENSMUSG00000039542,4684
ENSMUSG00000039585,4649
ENSMUSG00000039630,3192
ENSMUSG00000039640,6182
ENSMUSG00000039648,883
ENSMUSG00000039653,570
ENSMUSG00000039656,6257
ENSMUSG00000039661,78986
ENSMUSG00000039670,339229
ENSMUSG00000039680,64968
ENSMUSG00000039682,51056
ENSMUSG00000039703,55666
ENSMUSG00000039740,85365
ENSMUSG00000039742,84691
ENSMUSG00000039759,90326
ENSMUSG00000039763,54943
ENSMUSG00000039768,55735
ENSMUSG00000039783,8564
ENSMUSG00000039826,26995
ENSMUSG00000039844,2889
ENSMUSG00000039853,9830
ENSMUSG00000039886,83862
ENSMUSG00000039913,57144
ENSMUSG00000039914,93058
ENSMUSG00000039958,254013
ENSMUSG00000039977,159989
ENSMUSG00000039988,81573
ENSMUSG00000040010,8140
ENSMUSG00000040018,1355
ENSMUSG00000040048,4716
ENSMUSG00000040093,90427
ENSMUSG00000040112,60488
ENSMUSG00000040118,781
ENSMUSG00000040147,4129
ENSMUSG00000040152,7057
ENSMUSG00000040170,2327
ENSMUSG00000040213,56267
ENSMUSG00000040249,4035
ENSMUSG00000040265,26052
ENSMUSG00000040269,28957
ENSMUSG00000040276,29993
ENSMUSG00000040298,118663
ENSMUSG00000040322,29957
ENSMUSG00000040354,4141
ENSMUSG00000040359,23376
ENSMUSG00000040370,144363
ENSMUSG00000040385,5499
ENSMUSG00000040389,22911
ENSMUSG00000040410,26235
ENSMUSG00000040414,81894
ENSMUSG00000040428,57664
ENSMUSG00000040429,7978
ENSMUSG00000040435,23645
ENSMUSG00000040462,10956
ENSMUSG00000040463,10514
ENSMUSG00000040464,85865
ENSMUSG00000040466,645
ENSMUSG00000040506,55626
ENSMUSG00000040514,219557
ENSMUSG00000040521,10102
ENSMUSG00000040525,23624
ENSMUSG00000040532,83451
ENSMUSG00000040537,53616
ENSMUSG00000040549,9793
ENSMUSG00000040576,135886
ENSMUSG00000040606,23254
ENSMUSG00000040618,5106
ENSMUSG00000040627,57379
ENSMUSG00000040675,25902
ENSMUSG00000040687,8567
ENSMUSG00000040703,29785
ENSMUSG00000040706,79814
ENSMUSG00000040713,8804
ENSMUSG00000040731,7458
ENSMUSG00000040738,55656
ENSMUSG00000040740,284723
ENSMUSG00000040752,4624
ENSMUSG00000040785,7267
ENSMUSG00000040808,795
ENSMUSG00000040809,27159
ENSMUSG00000040811,24139
ENSMUSG00000040822,55017
ENSMUSG00000040842,26099
ENSMUSG00000040875,114884
ENSMUSG00000040883,374882
ENSMUSG00000040888,2671
ENSMUSG00000040904,440400
ENSMUSG00000040907,478
ENSMUSG00000040918,10560
ENSMUSG00000040938,162515
ENSMUSG00000040940,9138
ENSMUSG00000040945,55920
ENSMUSG00000040952,6223
ENSMUSG00000040963,433
ENSMUSG00000040964,55160
ENSMUSG00000040985,256979
ENSMUSG00000040990,30011
ENSMUSG00000041028,27069
ENSMUSG00000041035,25911
ENSMUSG00000041040,150864
ENSMUSG00000041073,23148
ENSMUSG00000041084,58505
ENSMUSG00000041147,675
ENSMUSG00000041168,9361
ENSMUSG00000041225,94134
ENSMUSG00000041235,55636
ENSMUSG00000041237,5313
ENSMUSG00000041241,79594
ENSMUSG00000041248,3758
ENSMUSG00000041268,23312
ENSMUSG00000041329,482
ENSMUSG00000041351,5909
ENSMUSG00000041353,29057
ENSMUSG00000041353,29057
ENSMUSG00000041360,9933
ENSMUSG00000041426,26275
ENSMUSG00000041429,4913
ENSMUSG00000041453,6144
ENSMUSG00000041459,23435
ENSMUSG00000041476,23676
ENSMUSG00000041548,26353
ENSMUSG00000041552,139411
ENSMUSG00000041577,5549
ENSMUSG00000041607,4155
ENSMUSG00000041616,4878
ENSMUSG00000041617,91409
ENSMUSG00000041617,90557
ENSMUSG00000041623,55028
ENSMUSG00000041625,87769
ENSMUSG00000041632,23107
ENSMUSG00000041638,10985
ENSMUSG00000041650,5095
ENSMUSG00000041660,8424
ENSMUSG00000041685,115548
ENSMUSG00000041688,154796
ENSMUSG00000041697,1337
ENSMUSG00000041702,55727
ENSMUSG00000041720,5297
ENSMUSG00000041733,84274
ENSMUSG00000041736,706
ENSMUSG00000041763,7174
ENSMUSG00000041771,123041
ENSMUSG00000041782,3898
ENSMUSG00000041797,10350
ENSMUSG00000041852,6942
ENSMUSG00000041870,88455
ENSMUSG00000041881,4701
ENSMUSG00000041891,3998
ENSMUSG00000041912,11022
ENSMUSG00000041921,254042
ENSMUSG00000041936,375790
ENSMUSG00000041958,94005
ENSMUSG00000041966,80067
ENSMUSG00000041975,79828
ENSMUSG00000041977,9826
ENSMUSG00000041986,55531
ENSMUSG00000042010,32
ENSMUSG00000042032,27430
ENSMUSG00000042073,84836
ENSMUSG00000042079,3185
ENSMUSG00000042096,1610
ENSMUSG00000042099,256949
ENSMUSG00000042102,29958
ENSMUSG00000042111,84317
ENSMUSG00000042148,1352
ENSMUSG00000042198,79145
ENSMUSG00000042215,9532
ENSMUSG00000042228,4067
ENSMUSG00000042251,148811
ENSMUSG00000042256,442213
ENSMUSG00000042258,3670
ENSMUSG00000042284,3672
ENSMUSG00000042286,23166
ENSMUSG00000042298,54902
ENSMUSG00000042331,92521
ENSMUSG00000042349,9641
ENSMUSG00000042389,80746
ENSMUSG00000042410,8540
ENSMUSG00000042426,54505
ENSMUSG00000042505,57001
ENSMUSG00000042558,54936
ENSMUSG00000042569,25979
ENSMUSG00000042594,10019
ENSMUSG00000042605,6311
ENSMUSG00000042626,6464
ENSMUSG00000042628,53349
ENSMUSG00000042632,8398
ENSMUSG00000042642,80308
ENSMUSG00000042670,196294
ENSMUSG00000042678,51168
ENSMUSG00000042699,1660
ENSMUSG00000042700,26037
ENSMUSG00000042709,91647
ENSMUSG00000042770,50865
ENSMUSG00000042787,9941
ENSMUSG00000042790,257160
ENSMUSG00000042828,493829
ENSMUSG00000042918,284358
ENSMUSG00000042992,118426
ENSMUSG00000042993,56832
ENSMUSG00000043065,152185
ENSMUSG00000043067,23333
ENSMUSG00000043091,84790
ENSMUSG00000043140,25880
ENSMUSG00000043155,84842
ENSMUSG00000043162,100996939
ENSMUSG00000043183,375484
ENSMUSG00000043207,10269
ENSMUSG00000043279,81844
ENSMUSG00000043284,8834
ENSMUSG00000043311,57827
ENSMUSG00000043410,164045
ENSMUSG00000043460,114794
ENSMUSG00000043510,150274
ENSMUSG00000043542,51101
ENSMUSG00000043556,23194
ENSMUSG00000043572,25973
ENSMUSG00000043648,201164
ENSMUSG00000043702,201626
ENSMUSG00000043716,6129
ENSMUSG00000043923,338657
ENSMUSG00000043962,9967
ENSMUSG00000043991,5813
ENSMUSG00000043998,4247
ENSMUSG00000044005,27165
ENSMUSG00000044018,54534
ENSMUSG00000044033,285025
ENSMUSG00000044041,3860
ENSMUSG00000044067,2845
ENSMUSG00000044080,6271
ENSMUSG00000044150,256643
ENSMUSG00000044177,124857
ENSMUSG00000044221,2926
ENSMUSG00000044224,134218
ENSMUSG00000044286,390445
ENSMUSG00000044287,123904
ENSMUSG00000044294,3890
ENSMUSG00000044340,23239
ENSMUSG00000044362,220388
ENSMUSG00000044400,347454
ENSMUSG00000044433,57662
ENSMUSG00000044556,374973
ENSMUSG00000044573,52
ENSMUSG00000044629,25927
ENSMUSG00000044667,9890
ENSMUSG00000044763,54931
ENSMUSG00000044792,81689
ENSMUSG00000044894,27089
ENSMUSG00000044968,222236
ENSMUSG00000044986,7263
ENSMUSG00000045100,115286
ENSMUSG00000045102,353497
ENSMUSG00000045128,6142
ENSMUSG00000045160,388962
ENSMUSG00000045174,205147
ENSMUSG00000045216,9394
ENSMUSG00000045252,64763
ENSMUSG00000045259,126823
ENSMUSG00000045294,3638
ENSMUSG00000045302,10113
ENSMUSG00000045316,81889
ENSMUSG00000045328,1062
ENSMUSG00000045348,222950
ENSMUSG00000045438,90639
ENSMUSG00000045455,1678
ENSMUSG00000045538,55794
ENSMUSG00000045545,3861
ENSMUSG00000045573,5179
ENSMUSG00000045594,2720
ENSMUSG00000045598,197407
ENSMUSG00000045667,342527
ENSMUSG00000045763,10409
ENSMUSG00000045775,9121
ENSMUSG00000045854,57226
ENSMUSG00000045948,6183
ENSMUSG00000045954,8436
ENSMUSG00000045973,147407
ENSMUSG00000045973,92014
ENSMUSG00000045983,1981
ENSMUSG00000046020,23509
ENSMUSG00000046027,80765
ENSMUSG00000046093,51440
ENSMUSG00000046180,9947
ENSMUSG00000046180,51438
ENSMUSG00000046230,23230
ENSMUSG00000046321,9956
ENSMUSG00000046324,79956
ENSMUSG00000046329,79085
ENSMUSG00000046330,6168
ENSMUSG00000046338,150763
ENSMUSG00000046364,6157
ENSMUSG00000046431,390093
ENSMUSG00000046431,26496
ENSMUSG00000046434,3178
ENSMUSG00000046449,340533
ENSMUSG00000046516,10063
ENSMUSG00000046573,57128
ENSMUSG00000046598,622
ENSMUSG00000046603,285343
ENSMUSG00000046671,56181
ENSMUSG00000046707,1459
ENSMUSG00000046756,51081
ENSMUSG00000046792,126208
ENSMUSG00000046822,29985
ENSMUSG00000046834,3848
ENSMUSG00000046841,10970
ENSMUSG00000046844,57687
ENSMUSG00000046845,84639
ENSMUSG00000046861,79654
ENSMUSG00000046865,2091
ENSMUSG00000046873,51360
ENSMUSG00000046879,345611
ENSMUSG00000046909,79736
ENSMUSG00000046947,90956
ENSMUSG00000046994,92935
ENSMUSG00000047026,341392
ENSMUSG00000047084,51335
ENSMUSG00000047117,728780
ENSMUSG00000047126,1213
ENSMUSG00000047187,5862
ENSMUSG00000047205,150290
ENSMUSG00000047215,6133
ENSMUSG00000047221,222234
ENSMUSG00000047250,5742
ENSMUSG00000047259,4160
ENSMUSG00000047260,83460
ENSMUSG00000047261,2596
ENSMUSG00000047454,10243
ENSMUSG00000047495,9228
ENSMUSG00000047554,440026
ENSMUSG00000047635,91574
ENSMUSG00000047641,3889
ENSMUSG00000047641,3887
ENSMUSG00000047649,10849
ENSMUSG00000047658,89792
ENSMUSG00000047674,5161
ENSMUSG00000047675,6202
ENSMUSG00000047719,29914
ENSMUSG00000047793,25992
ENSMUSG00000047804,11216
ENSMUSG00000047866,83752
ENSMUSG00000047963,8987
ENSMUSG00000047976,3736
ENSMUSG00000047992,125704
ENSMUSG00000048013,3886
ENSMUSG00000048065,51700
ENSMUSG00000048078,26011
ENSMUSG00000048120,953
ENSMUSG00000048126,1293
ENSMUSG00000048142,339983
ENSMUSG00000048217,162417
ENSMUSG00000048251,64919
ENSMUSG00000048279,26278
ENSMUSG00000048329,162387
ENSMUSG00000048351,65260
ENSMUSG00000048371,57546
ENSMUSG00000048376,2149
ENSMUSG00000048429,90580
ENSMUSG00000048482,627
ENSMUSG00000048486,128486
ENSMUSG00000048489,11067
ENSMUSG00000048550,79896
ENSMUSG00000048578,9761
ENSMUSG00000048581,285315
ENSMUSG00000048612,26509
ENSMUSG00000048668,83695
ENSMUSG00000048755,27349
ENSMUSG00000048758,6159
ENSMUSG00000048763,3213
ENSMUSG00000048826,168002
ENSMUSG00000048856,283600
ENSMUSG00000048921,115509
ENSMUSG00000049038,80298
ENSMUSG00000049047,51566
ENSMUSG00000049090,284273
ENSMUSG00000049097,284615
ENSMUSG00000049103,729230
ENSMUSG00000049106,8816
ENSMUSG00000049109,387357
ENSMUSG00000049119,90362
ENSMUSG00000049122,257019
ENSMUSG00000049152,133688
ENSMUSG00000049152,167127
ENSMUSG00000049225,54704
ENSMUSG00000049233,79135
ENSMUSG00000049287,200205
ENSMUSG00000049288,128077
ENSMUSG00000049327,387893
ENSMUSG00000049382,3856
ENSMUSG00000049387,170712
ENSMUSG00000049411,85019
ENSMUSG00000049422,400916
ENSMUSG00000049439,57404
ENSMUSG00000049470,27125
ENSMUSG00000049482,348180
ENSMUSG00000049491,285641
ENSMUSG00000049502,151636
ENSMUSG00000049517,6228
ENSMUSG00000049539,3024
ENSMUSG00000049550,6249
ENSMUSG00000049653,375686
ENSMUSG00000049658,55814
ENSMUSG00000049692,100288797
ENSMUSG00000049760,125988
ENSMUSG00000049858,6821
ENSMUSG00000049928,9340
ENSMUSG00000049940,10424
ENSMUSG00000049950,10557
ENSMUSG00000049960,51021
ENSMUSG00000050017,23760
ENSMUSG00000050107,83903
ENSMUSG00000050132,23098
ENSMUSG00000050144,9673
ENSMUSG00000050174,11162
ENSMUSG00000050244,55127
ENSMUSG00000050296,26154
ENSMUSG00000050304,83884
ENSMUSG00000050312,63899
ENSMUSG00000050323,137682
ENSMUSG00000050335,3958
ENSMUSG00000050379,23157
ENSMUSG00000050463,196374
ENSMUSG00000050553,2712
ENSMUSG00000050565,163590
ENSMUSG00000050608,440574
ENSMUSG00000050627,23171
ENSMUSG00000050685,84692
ENSMUSG00000050705,221545
ENSMUSG00000050711,7857
ENSMUSG00000050732,8673
ENSMUSG00000050777,140738
ENSMUSG00000050812,23392
ENSMUSG00000050821,131408
ENSMUSG00000050856,521
ENSMUSG00000050860,162466
ENSMUSG00000050876,389762
ENSMUSG00000050876,389763
ENSMUSG00000050876,389761
ENSMUSG00000050919,167465
ENSMUSG00000050953,2697
ENSMUSG00000050965,5578
ENSMUSG00000051038,158800
ENSMUSG00000051043,55890
ENSMUSG00000051098,153364
ENSMUSG00000051154,23412
ENSMUSG00000051169,285367
ENSMUSG00000051223,9689
ENSMUSG00000051329,23279
ENSMUSG00000051339,85379
ENSMUSG00000051343,26056
ENSMUSG00000051346,283377
ENSMUSG00000051359,83988
ENSMUSG00000051391,7532
ENSMUSG00000051396,51182
ENSMUSG00000051483,873
ENSMUSG00000051557,126789
ENSMUSG00000051582,139562
ENSMUSG00000051615,5911
ENSMUSG00000051671,388753
ENSMUSG00000051695,5093
ENSMUSG00000051727,65987
ENSMUSG00000051811,125965
ENSMUSG00000051853,377
ENSMUSG00000051855,4232
ENSMUSG00000051879,112802
ENSMUSG00000051934,65244
ENSMUSG00000051978,157697
ENSMUSG00000052085,81704
ENSMUSG00000052133,54437
ENSMUSG00000052146,6204
ENSMUSG00000052187,3046
ENSMUSG00000052214,80207
ENSMUSG00000052337,10989
ENSMUSG00000052374,88
ENSMUSG00000052392,122970
ENSMUSG00000052397,7430
ENSMUSG00000052428,54499
ENSMUSG00000052456,439
ENSMUSG00000052459,523
ENSMUSG00000052468,5375
ENSMUSG00000052520,1573
ENSMUSG00000052539,260425
ENSMUSG00000052605,79763
ENSMUSG00000052609,26030
ENSMUSG00000052681,5908
ENSMUSG00000052688,338382
ENSMUSG00000052698,83660
ENSMUSG00000052727,4131
ENSMUSG00000052738,8802
ENSMUSG00000052776,4938
ENSMUSG00000052852,65055
ENSMUSG00000052861,1768
ENSMUSG00000052889,5579
ENSMUSG00000052911,3913
ENSMUSG00000052915,339287
ENSMUSG00000052934,79791
ENSMUSG00000052962,51318
ENSMUSG00000052974,1572
ENSMUSG00000053044,926
ENSMUSG00000053184,124912
ENSMUSG00000053198,57716
ENSMUSG00000053226,199699
ENSMUSG00000053279,216
ENSMUSG00000053291,53916
ENSMUSG00000053329,102724023
ENSMUSG00000053329,8209
ENSMUSG00000053375,90423
ENSMUSG00000053398,26227
ENSMUSG00000053510,4898
ENSMUSG00000053522,3963
ENSMUSG00000053522,653499
ENSMUSG00000053553,84310
ENSMUSG00000053565,27335
ENSMUSG00000053604,22934
ENSMUSG00000053644,501
ENSMUSG00000053646,5364
ENSMUSG00000053647,2852
ENSMUSG00000053746,138428
ENSMUSG00000053768,54927
ENSMUSG00000053797,3868
ENSMUSG00000053898,1891
ENSMUSG00000053931,1266
ENSMUSG00000054021,23408
ENSMUSG00000054027,51559
ENSMUSG00000054099,55972
ENSMUSG00000054146,3866
ENSMUSG00000054266,284293
ENSMUSG00000054312,54460
ENSMUSG00000054362,163747
ENSMUSG00000054364,388
ENSMUSG00000054422,2168
ENSMUSG00000054423,8618
ENSMUSG00000054428,93974
ENSMUSG00000054435,55303
ENSMUSG00000054455,9217
ENSMUSG00000054619,25840
ENSMUSG00000054640,6546
ENSMUSG00000054676,83636
ENSMUSG00000054679,135295
ENSMUSG00000054693,102
ENSMUSG00000054733,4482
ENSMUSG00000054793,199731
ENSMUSG00000054808,81
ENSMUSG00000054874,399909
ENSMUSG00000054889,1832
ENSMUSG00000054892,7294
ENSMUSG00000054894,27109
ENSMUSG00000054932,174
ENSMUSG00000054942,374986
ENSMUSG00000055022,1272
ENSMUSG00000055041,28991
ENSMUSG00000055044,9124
ENSMUSG00000055065,10521
ENSMUSG00000055137,79783
ENSMUSG00000055184,554282
ENSMUSG00000055184,653820
ENSMUSG00000055184,554282
ENSMUSG00000055184,728833
ENSMUSG00000055194,345651
ENSMUSG00000055197,54738
ENSMUSG00000055200,29946
ENSMUSG00000055319,11196
ENSMUSG00000055320,7003
ENSMUSG00000055322,7145
ENSMUSG00000055333,2196
ENSMUSG00000055407,4135
ENSMUSG00000055553,79036
ENSMUSG00000055609,3050
ENSMUSG00000055681,11316
ENSMUSG00000055717,122060
ENSMUSG00000055723,22800
ENSMUSG00000055762,1936
ENSMUSG00000055775,4626
ENSMUSG00000055782,225
ENSMUSG00000055891,164153
ENSMUSG00000055926,643338
ENSMUSG00000055943,56851
ENSMUSG00000056035,1551
ENSMUSG00000056035,1577
ENSMUSG00000056035,1576
ENSMUSG00000056035,100861540
ENSMUSG00000056050,375056
ENSMUSG00000056069,54491
ENSMUSG00000056076,8662
ENSMUSG00000056148,8608
ENSMUSG00000056155,342977
ENSMUSG00000056201,1072
ENSMUSG00000056209,10360
ENSMUSG00000056220,5321
ENSMUSG00000056228,79587
ENSMUSG00000056234,8031
ENSMUSG00000056370,6439
ENSMUSG00000056536,23556
ENSMUSG00000056629,2286
ENSMUSG00000056643,166012
ENSMUSG00000056671,153768
ENSMUSG00000056724,23218
ENSMUSG00000056755,2917
ENSMUSG00000056820,7257
ENSMUSG00000056899,83943
ENSMUSG00000056966,349149
ENSMUSG00000056999,3416
ENSMUSG00000057003,4622
ENSMUSG00000057072,149643
ENSMUSG00000057113,4869
ENSMUSG00000057134,84890
ENSMUSG00000057163,5645
ENSMUSG00000057163,5644
ENSMUSG00000057163,5646
ENSMUSG00000057228,51166
ENSMUSG00000057229,55101
ENSMUSG00000057234,196074
ENSMUSG00000057322,6169
ENSMUSG00000057329,596
ENSMUSG00000057335,9859
ENSMUSG00000057363,80146
ENSMUSG00000057388,29074
ENSMUSG00000057411,65990
ENSMUSG00000057497,84908
ENSMUSG00000057506,282991
ENSMUSG00000057594,339231
ENSMUSG00000057726,5272
ENSMUSG00000057738,6709
ENSMUSG00000057789,578
ENSMUSG00000057841,6161
ENSMUSG00000057880,18
ENSMUSG00000057897,816
ENSMUSG00000058006,23195
ENSMUSG00000058013,55752
ENSMUSG00000058076,6391
ENSMUSG00000058207,12
ENSMUSG00000058254,7102
ENSMUSG00000058258,3422
ENSMUSG00000058267,63931
ENSMUSG00000058301,5976
ENSMUSG00000058351,440957
ENSMUSG00000058355,6059
ENSMUSG00000058454,1717
ENSMUSG00000058546,6147
ENSMUSG00000058558,6125
ENSMUSG00000058569,54732
ENSMUSG00000058579,51032
ENSMUSG00000058579,63036
ENSMUSG00000058586,253190
ENSMUSG00000058587,29766
ENSMUSG00000058594,84893
ENSMUSG00000058600,6156
ENSMUSG00000058620,151
ENSMUSG00000058624,9615
ENSMUSG00000058655,1975
ENSMUSG00000058672,7280
ENSMUSG00000058704,51072
ENSMUSG00000058743,3770
ENSMUSG00000058773,3009
ENSMUSG00000058793,8760
ENSMUSG00000058799,4673
ENSMUSG00000058835,10006
ENSMUSG00000058927,54205
ENSMUSG00000058979,27440
ENSMUSG00000058997,23078
ENSMUSG00000059013,10044
ENSMUSG00000059040,2023
ENSMUSG00000059183,123263
ENSMUSG00000059208,4670
ENSMUSG00000059248,10801
ENSMUSG00000059291,6135
ENSMUSG00000059325,84525
ENSMUSG00000059363,2395
ENSMUSG00000059447,3032
ENSMUSG00000059456,2185
ENSMUSG00000059481,5340
ENSMUSG00000059534,29796
ENSMUSG00000059552,7157
ENSMUSG00000059602,8224
ENSMUSG00000059668,3851
ENSMUSG00000059714,10211
ENSMUSG00000059734,4728
ENSMUSG00000059741,4634
ENSMUSG00000059743,2224
ENSMUSG00000059772,548593
ENSMUSG00000059772,79008
ENSMUSG00000059796,1973
ENSMUSG00000059811,64225
ENSMUSG00000059854,54768
ENSMUSG00000059895,11156
ENSMUSG00000059970,3306
ENSMUSG00000059974,50863
ENSMUSG00000060036,6122
ENSMUSG00000060073,5684
ENSMUSG00000060126,7178
ENSMUSG00000060166,29801
ENSMUSG00000060180,8735
ENSMUSG00000060224,84795
ENSMUSG00000060240,51286
ENSMUSG00000060261,2969
ENSMUSG00000060275,9542
ENSMUSG00000060279,160
ENSMUSG00000060376,593
ENSMUSG00000060407,1549
ENSMUSG00000060407,1548
ENSMUSG00000060407,1553
ENSMUSG00000060579,2272
ENSMUSG00000060600,2027
ENSMUSG00000060636,6165
ENSMUSG00000060679,64965
ENSMUSG00000060780,347730
ENSMUSG00000060802,567
ENSMUSG00000060807,866
ENSMUSG00000060882,3751
ENSMUSG00000060904,400
ENSMUSG00000060923,98
ENSMUSG00000060961,8671
ENSMUSG00000061080,4045
ENSMUSG00000061086,4635
ENSMUSG00000061099,26330
ENSMUSG00000061118,84277
ENSMUSG00000061119,5547
ENSMUSG00000061207,8859
ENSMUSG00000061273,93380
ENSMUSG00000061315,342538
ENSMUSG00000061315,4666
ENSMUSG00000061397,338785
ENSMUSG00000061455,55014
ENSMUSG00000061461,389203
ENSMUSG00000061474,92259
ENSMUSG00000061477,6201
ENSMUSG00000061517,11166
ENSMUSG00000061518,1329
ENSMUSG00000061527,3852
ENSMUSG00000061559,80349
ENSMUSG00000061576,1804
ENSMUSG00000061589,84444
ENSMUSG00000061601,27445
ENSMUSG00000061615,3012
ENSMUSG00000061665,23607
ENSMUSG00000061666,284161
ENSMUSG00000061723,7140
ENSMUSG00000061742,116085
ENSMUSG00000061780,1675
ENSMUSG00000061787,6218
ENSMUSG00000061802,55130
ENSMUSG00000061808,7276
ENSMUSG00000061816,4632
ENSMUSG00000061838,8801
ENSMUSG00000061904,5250
ENSMUSG00000061979,81554
ENSMUSG00000061983,6206
ENSMUSG00000062006,6164
ENSMUSG00000062031,80162
ENSMUSG00000062054,285148
ENSMUSG00000062070,5230
ENSMUSG00000062162,158809
ENSMUSG00000062168,5475
ENSMUSG00000062169,29097
ENSMUSG00000062181,23491
ENSMUSG00000062209,2066
ENSMUSG00000062232,9693
ENSMUSG00000062352,9270
ENSMUSG00000062373,157378
ENSMUSG00000062380,10381
ENSMUSG00000062444,8120
ENSMUSG00000062515,2167
ENSMUSG00000062580,10440
ENSMUSG00000062591,10382
ENSMUSG00000062647,6130
ENSMUSG00000062683,517
ENSMUSG00000062729,5498
ENSMUSG00000062761,84450
ENSMUSG00000062773,83639
ENSMUSG00000062825,71
ENSMUSG00000062867,3615
ENSMUSG00000062908,34
ENSMUSG00000062929,1073
ENSMUSG00000062981,28977
ENSMUSG00000062991,3084
ENSMUSG00000062997,11224
ENSMUSG00000063063,1496
ENSMUSG00000063077,23095
ENSMUSG00000063157,1447
ENSMUSG00000063179,118672
ENSMUSG00000063200,51406
ENSMUSG00000063229,3939
ENSMUSG00000063362,440138
ENSMUSG00000063430,9671
ENSMUSG00000063457,6209
ENSMUSG00000063550,4928
ENSMUSG00000063661,319101
ENSMUSG00000063681,23418
ENSMUSG00000063683,10249
ENSMUSG00000063698,119559
ENSMUSG00000063787,118487
ENSMUSG00000063801,10239
ENSMUSG00000063804,389421
ENSMUSG00000063856,2876
ENSMUSG00000063882,440567
ENSMUSG00000063882,7388
ENSMUSG00000063884,55037
ENSMUSG00000063954,8337
ENSMUSG00000063975,6579
ENSMUSG00000064068,4580
ENSMUSG00000064080,2199
ENSMUSG00000064090,7444
ENSMUSG00000064115,253559
ENSMUSG00000064120,4337
ENSMUSG00000064137,84528
ENSMUSG00000064137,727940
ENSMUSG00000064201,3849
ENSMUSG00000064220,723790
ENSMUSG00000064254,23474
ENSMUSG00000064341,4535
ENSMUSG00000064345,4536
ENSMUSG00000064351,4512
ENSMUSG00000064354,4513
ENSMUSG00000064357,4508
ENSMUSG00000064358,4514
ENSMUSG00000064360,4537
ENSMUSG00000064363,4538
ENSMUSG00000064367,4540
ENSMUSG00000064368,4541
ENSMUSG00000064370,4519
ENSMUSG00000065947,4539
ENSMUSG00000065990,54998
ENSMUSG00000066036,23352
ENSMUSG00000066232,10527
ENSMUSG00000066279,57053
ENSMUSG00000066324,54928
ENSMUSG00000066366,390502
ENSMUSG00000066366,5265
ENSMUSG00000066392,9369
ENSMUSG00000066441,51109
ENSMUSG00000066442,10588
ENSMUSG00000066442,100528021
ENSMUSG00000066551,3146
ENSMUSG00000066595,28982
ENSMUSG00000066839,51295
ENSMUSG00000066892,54850
ENSMUSG00000067150,57510
ENSMUSG00000067215,158880
ENSMUSG00000067242,9211
ENSMUSG00000067274,6175
ENSMUSG00000067276,827
ENSMUSG00000067369,79979
ENSMUSG00000067441,474381
ENSMUSG00000067441,83740
ENSMUSG00000067441,474382
ENSMUSG00000067571,219995
ENSMUSG00000067594,374454
ENSMUSG00000067722,283951
ENSMUSG00000067818,10398
ENSMUSG00000067847,140823
ENSMUSG00000068009,128859
ENSMUSG00000068039,6950
ENSMUSG00000068040,9777
ENSMUSG00000068114,79879
ENSMUSG00000068115,22981
ENSMUSG00000068184,91942
ENSMUSG00000068220,3956
ENSMUSG00000068270,57477
ENSMUSG00000068290,65992
ENSMUSG00000068302,344022
ENSMUSG00000068328,550
ENSMUSG00000068329,27429
ENSMUSG00000068523,2787
ENSMUSG00000068614,70
ENSMUSG00000068699,2318
ENSMUSG00000068739,6301
ENSMUSG00000068749,5686
ENSMUSG00000068794,340267
ENSMUSG00000068798,5906
ENSMUSG00000068808,219432
ENSMUSG00000068823,7812
ENSMUSG00000068877,8991
ENSMUSG00000068921,7818
ENSMUSG00000068922,55154
ENSMUSG00000069041,83447
ENSMUSG00000069044,8287
ENSMUSG00000069089,1022
ENSMUSG00000069268,8340
ENSMUSG00000069270,8335
ENSMUSG00000069303,8339
ENSMUSG00000069324,635
ENSMUSG00000069516,4069
ENSMUSG00000069601,288
ENSMUSG00000069769,124540
ENSMUSG00000069805,2203
ENSMUSG00000069833,79026
ENSMUSG00000069844,6341
ENSMUSG00000069917,3039
ENSMUSG00000069917,3040
ENSMUSG00000070283,25915
ENSMUSG00000070284,29925
ENSMUSG00000070327,57674
ENSMUSG00000070336,494188
ENSMUSG00000070372,829
ENSMUSG00000070385,270
ENSMUSG00000070394,254863
ENSMUSG00000070436,871
ENSMUSG00000070493,51142
ENSMUSG00000070509,56963
ENSMUSG00000070544,7150
ENSMUSG00000070563,171169
ENSMUSG00000070699,54938
ENSMUSG00000070730,55177
ENSMUSG00000070777,125931
ENSMUSG00000070780,54502
ENSMUSG00000070880,2571
ENSMUSG00000071014,4712
ENSMUSG00000071072,10728
ENSMUSG00000071230,283869
ENSMUSG00000071253,8034
ENSMUSG00000071398,130813
ENSMUSG00000071415,9349
ENSMUSG00000071528,84833
ENSMUSG00000071547,64943
ENSMUSG00000071644,1937
ENSMUSG00000071650,23193
ENSMUSG00000071654,790955
ENSMUSG00000071711,4357
ENSMUSG00000071738,100288814
ENSMUSG00000071815,53940
ENSMUSG00000071847,147495
ENSMUSG00000071862,26045
ENSMUSG00000071866,5478
ENSMUSG00000071984,84624
ENSMUSG00000072214,5413
ENSMUSG00000072235,7846
ENSMUSG00000072553,339210
ENSMUSG00000072582,51651
ENSMUSG00000072640,201229
ENSMUSG00000072889,152518
ENSMUSG00000072946,145482
ENSMUSG00000073411,3106
ENSMUSG00000073411,3105
ENSMUSG00000073411,3107
ENSMUSG00000073411,3134
ENSMUSG00000073411,3135
ENSMUSG00000073411,3133
ENSMUSG00000073418,721
ENSMUSG00000073418,720
ENSMUSG00000073422,7923
ENSMUSG00000073435,4832
ENSMUSG00000073436,197342
ENSMUSG00000073471,83861
ENSMUSG00000073481,54996
ENSMUSG00000073514,220164
ENSMUSG00000073600,389333
ENSMUSG00000073609,728294
ENSMUSG00000073639,22931
ENSMUSG00000073640,6155
ENSMUSG00000073676,3336
ENSMUSG00000073702,6160
ENSMUSG00000073792,29929
ENSMUSG00000073856,124152
ENSMUSG00000073982,391
ENSMUSG00000074064,23417
ENSMUSG00000074129,23521
ENSMUSG00000074141,259307
ENSMUSG00000074183,2939
ENSMUSG00000074183,2938
ENSMUSG00000074183,221357
ENSMUSG00000074183,2940
ENSMUSG00000074207,126
ENSMUSG00000074207,124
ENSMUSG00000074207,125
ENSMUSG00000074211,644096
ENSMUSG00000074218,1346
ENSMUSG00000074261,100170765
ENSMUSG00000074364,30846
ENSMUSG00000074577,140876
ENSMUSG00000074627,140699
ENSMUSG00000074643,8904
ENSMUSG00000074656,8894
ENSMUSG00000074680,245938
ENSMUSG00000074698,283106
ENSMUSG00000074698,1457
ENSMUSG00000074743,7056
ENSMUSG00000074781,7334
ENSMUSG00000074797,3704
ENSMUSG00000074811,79803
ENSMUSG00000074890,9836
ENSMUSG00000074909,26953
ENSMUSG00000074916,113189
ENSMUSG00000075229,131076
ENSMUSG00000075249,401024
ENSMUSG00000075267,494513
ENSMUSG00000075270,50940
ENSMUSG00000075402,51350
ENSMUSG00000075410,768206
ENSMUSG00000075467,728489
ENSMUSG00000075570,353288
ENSMUSG00000075593,79690
ENSMUSG00000075704,10587
ENSMUSG00000075706,2879
ENSMUSG00000076430,135458
ENSMUSG00000076431,6659
ENSMUSG00000076432,10971
ENSMUSG00000076435,80221
ENSMUSG00000076436,64064
ENSMUSG00000076441,445
ENSMUSG00000077450,9230
ENSMUSG00000078486,84808
ENSMUSG00000078517,23065
ENSMUSG00000078552,149069
ENSMUSG00000078566,664
ENSMUSG00000078572,284184
ENSMUSG00000078622,57003
ENSMUSG00000078630,220074
ENSMUSG00000078652,10197
ENSMUSG00000078656,84313
ENSMUSG00000078695,284106
ENSMUSG00000078713,401505
ENSMUSG00000078719,692094
ENSMUSG00000078776,8857
ENSMUSG00000078812,143244
ENSMUSG00000078812,1984
ENSMUSG00000078816,5582
ENSMUSG00000078919,8813
ENSMUSG00000078931,64146
ENSMUSG00000078937,1375
ENSMUSG00000079036,8846
ENSMUSG00000079037,5621
ENSMUSG00000079043,60493
ENSMUSG00000079173,7455
ENSMUSG00000079316,9367
ENSMUSG00000079426,10093
ENSMUSG00000079465,1285
ENSMUSG00000079477,7879
ENSMUSG00000079478,10534
ENSMUSG00000079480,5303
ENSMUSG00000079511,84865
ENSMUSG00000079625,116211
ENSMUSG00000079658,6921
ENSMUSG00000079677,112812
ENSMUSG00000079722,83887
ENSMUSG00000079834,55217
ENSMUSG00000081534,55652
ENSMUSG00000083012,84792
ENSMUSG00000085111,121549
ENSMUSG00000086564,9398
ENSMUSG00000087141,257068
ENSMUSG00000087260,10542
ENSMUSG00000089678,64902
ENSMUSG00000089682,599
ENSMUSG00000089762,389792
ENSMUSG00000089847,26515
ENSMUSG00000089960,54658
ENSMUSG00000089984,26261
ENSMUSG00000090000,51124
ENSMUSG00000090110,100272147
ENSMUSG00000090121,145447
ENSMUSG00000090150,84129
ENSMUSG00000090175,54575
ENSMUSG00000090175,54576
ENSMUSG00000090175,54578
ENSMUSG00000090175,54577
ENSMUSG00000090175,54600
ENSMUSG00000090247,2647
ENSMUSG00000090698,81575
ENSMUSG00000090841,4637
ENSMUSG00000090862,6207
ENSMUSG00000090877,3304
ENSMUSG00000090877,3303
ENSMUSG00000090946,168455
ENSMUSG00000091129,440956
ENSMUSG00000091212,337880
ENSMUSG00000091512,8649
ENSMUSG00000091780,9997
ENSMUSG00000091803,51241
ENSMUSG00000091898,7134
ENSMUSG00000091972,131920
ENSMUSG00000092305,221823
ENSMUSG00000092345,552891
ENSMUSG00000093550,613227
ENSMUSG00000093661,317649
ENSMUSG00000093803,28227
ENSMUSG00000093904,9804
ENSMUSG00000094325,54466
ENSMUSG00000094325,474343
ENSMUSG00000094483,5814
ENSMUSG00000094626,27439
ENSMUSG00000096158,54107
ENSMUSG00000096458,64112
ENSMUSG00000098274,6152
ENSMUSG00000098678,642475
ENSMUSG00000100838,597
ENSMUSG00000101959,92483
ENSMUSG00000103711,100131187
